"","nOrders","nItemsOrdered","nItemsSold","salesOrdered","salesSold","returnRatio","shareOwnBrand","shareSale","shareVoucher","crDuration","monetaryReturnRatio","meanDaysBetwOrders","salesPerOrder","salesPerItem","itemsPerOrder","itemsSoldPerOrder","customerSatis"
"1",104,138,66,37813.25,18031.45,0.521739130434783,0.54,0.52,0.09,1472,0.523144664899209,14,173.38,273.2,1.33,0.63,5
"2",17,21,4,10652.6,1499.86,0.80952380952381,0.48,0.67,0.1,1506,0.859202448228601,94,88.23,374.96,1.24,0.24,2.9
"3",5,6,3,1225.92,758.99,0.5,1,0.17,0.5,1453,0.380881297311407,363,151.8,253,1.2,0.6,2.8
"4",18,27,3,31529.11,3803.45,0.888888888888889,0.15,0.19,0.07,1340,0.87936703573301,79,211.3,1267.82,1.5,0.17,3.1
"5",21,41,35,17935.37,14246.21,0.146341463414634,0.63,0.12,0,1449,0.205691881461046,72,678.39,407.03,1.95,1.67,5
"6",2,2,1,1530.96,9.99,0.5,0,0,0,749,0.993474682552124,749,5,9.99,1,0.5,2.7
"7",18,29,11,4392.47,1686.13,0.620689655172414,1,0.28,0.52,997,0.61613169811063,59,93.67,153.28,1.61,0.61,3
"8",12,14,11,2048.71,1764.19,0.214285714285714,1,0.07,0.29,1513,0.13887763519483,138,147.02,160.38,1.17,0.92,3.9
"9",14,19,9,7121.8,2673.56,0.526315789473684,0.42,0.37,0.16,1499,0.624594905782246,115,190.97,297.06,1.36,0.64,2.9
"10",7,13,2,2978.46,776.33,0.846153846153846,0.31,0.85,0,1522,0.739351879830516,254,110.9,388.17,1.86,0.29,1.8
"11",5,6,5,1706.37,1533.25,0.166666666666667,0.83,0.17,0,1486,0.10145513575602,372,306.65,306.65,1.2,1,3.8
"12",12,17,9,5362.01,2981.65,0.470588235294118,0.71,0.65,0.24,1393,0.443930540972509,127,248.47,331.29,1.42,0.75,3
"13",4,5,1,1334.3,216,0.8,1,0.6,0,1187,0.83811736491044,396,54,216,1.25,0.25,1.1
"14",52,62,6,22019.04,1371.18,0.903225806451613,0.63,0.34,0.4,1517,0.937727530355547,30,26.37,228.53,1.19,0.12,3.7
"15",4,4,4,1741.76,1741.76,0,0.5,0.5,0,1243,0,414,435.44,435.44,1,1,3.5
"16",4,5,4,1148.33,893.25,0.2,1,0.4,0.2,351,0.222131268886122,117,223.31,223.31,1.25,1,3
"17",2,3,3,467.08,467.08,0,1,0,1,922,0,922,233.54,155.69,1.5,1.5,2.7
"18",7,10,7,4350.45,3959.05,0.3,0.8,0.3,0,1424,0.08996770449034,237,565.58,565.58,1.43,1,4.1
"19",9,10,3,6263.7,1924.79,0.7,0.1,0.6,0.2,1032,0.69270718584862,129,213.87,641.6,1.11,0.33,2.9
"20",3,5,2,1055.2,328.2,0.6,0.8,0,0.6,1224,0.688968915845337,612,109.4,164.1,1.67,0.67,2.3
"21",19,21,13,4817.3,2929.94,0.380952380952381,0.81,1,0,1444,0.391787930998692,80,154.21,225.38,1.11,0.68,3.7
"22",26,33,13,7485.42,2801.85,0.606060606060606,1,0.85,0.12,1463,0.625692345920469,59,107.76,215.53,1.27,0.5,3.4
"23",2,2,2,205.02,205.02,0,1,0,1,1249,0,1249,102.51,102.51,1,1,1.6
"24",9,13,1,2355.37,139.57,0.923076923076923,1,0.15,0.62,1358,0.940743917091582,170,15.51,139.57,1.44,0.11,2
"25",6,10,6,1922.1,1153.53,0.4,1,0,0.1,920,0.399859528640549,184,192.25,192.25,1.67,1,3.4
"26",19,30,11,8417.78,1940.53,0.633333333333333,0.7,0.37,0.03,679,0.769472473740107,38,102.13,176.41,1.58,0.58,3.3
"27",4,7,7,3532,3532,0,0,0.14,0.29,657,0,219,883,504.57,1.75,1.75,4.8
"28",15,17,10,2906.61,1926.23,0.411764705882353,0.47,0.82,0.18,1423,0.337293272919312,102,128.42,192.62,1.13,0.67,2.8
"29",7,7,2,1635.64,433.86,0.714285714285714,1,0.71,0.14,1286,0.734746032134211,214,61.98,216.93,1,0.29,2.5
"30",110,184,9,71551.35,2866.69,0.951086956521739,0.4,0.53,0.07,1472,0.959935207372048,14,26.06,318.52,1.67,0.08,5
"31",7,8,6,1867.71,1392.6,0.25,1,0,0.12,1397,0.254381033458085,233,198.94,232.1,1.14,0.86,3.6
"32",5,6,2,1359.65,303.82,0.666666666666667,0.33,0.5,0,1116,0.776545434486816,279,60.76,151.91,1.2,0.4,2.3
"33",42,47,44,9267.13,8682.58,0.0638297872340425,0.81,0.81,0.06,1432,0.0630777813627303,35,206.73,197.33,1.12,1.05,5
"34",21,26,14,4544.55,2407.18,0.461538461538462,1,0.88,0,1008,0.470314992683544,50,114.63,171.94,1.24,0.67,3.5
"35",6,7,3,2858.42,1372.56,0.571428571428571,0.14,0.43,0,1428,0.519818641067443,286,228.76,457.52,1.17,0.5,3.3
"36",4,4,2,773.29,418.15,0.5,1,1,0.25,1275,0.459258492932794,425,104.54,209.07,1,0.5,1.3
"37",15,22,1,3195.69,87.3,0.954545454545455,0.82,0.77,0.05,1373,0.9726819560095,98,5.82,87.3,1.47,0.07,2.2
"38",4,5,5,4429.15,4429.15,0,0.6,0,0.2,1213,0,404,1107.29,885.83,1.25,1.25,4.6
"39",6,10,2,1817.92,459.88,0.8,0.8,0.5,0.2,1035,0.747029572258405,207,76.65,229.94,1.67,0.33,2.3
"40",7,7,6,1238.3,1135.18,0.142857142857143,0.57,0.14,0,1402,0.0832754582895905,234,162.17,189.2,1,0.86,3.9
"41",6,10,2,3134.03,914,0.8,0.6,0,0.1,1313,0.708362715098452,263,152.33,457,1.67,0.33,2.8
"42",7,13,5,2490.86,597.43,0.615384615384615,1,0.46,0.46,1393,0.76015111246718,232,85.35,119.49,1.86,0.71,2.2
"43",10,13,3,2076.33,550.42,0.769230769230769,0.85,0.69,0.23,1335,0.734907264259535,148,55.04,183.47,1.3,0.3,2.5
"44",3,3,2,1248.57,684.91,0.333333333333333,0.67,0.33,0.33,1427,0.451444452453607,714,228.3,342.45,1,0.67,2
"45",3,8,2,2763.75,788.49,0.75,0.38,0.5,0,1283,0.714702849389417,642,262.83,394.25,2.67,0.67,1.7
"46",21,24,17,17874.8,10526.99,0.291666666666667,0.29,0.17,0,579,0.411070893100902,29,501.29,619.23,1.14,0.81,4.8
"47",7,7,4,2211.92,1035.81,0.428571428571429,0.86,0.71,0,1341,0.531714528554378,224,147.97,258.95,1,0.57,2.8
"48",2,2,1,639.08,336.24,0.5,1,0.5,0.5,425,0.473868686236465,425,168.12,336.24,1,0.5,2.3
"49",12,14,1,3308.43,9.99,0.928571428571429,0.71,0.5,0,1403,0.996980440873768,128,0.83,9.99,1.17,0.08,2.6
"50",2,2,1,421.77,199.05,0.5,0.5,0.5,0.5,1160,0.528060317234512,1160,99.53,199.05,1,0.5,1.7
"51",17,23,6,4290.3,1605.8,0.739130434782609,0.87,0.13,0.26,1387,0.625713819546419,87,94.46,267.63,1.35,0.35,3.1
"52",16,17,13,4474.41,3272.1,0.235294117647059,0.88,0.59,0.18,1309,0.268708053128792,87,204.51,251.7,1.06,0.81,4.2
"53",17,31,14,6213.63,2834.91,0.548387096774194,0.97,0.1,0.68,1312,0.543759444962124,82,166.76,202.49,1.82,0.82,3.2
"54",3,3,3,450.85,450.85,0,1,0.33,0.67,1198,0,599,150.28,150.28,1,1,2.9
"55",4,5,5,930.96,930.96,0,1,0.4,0.4,1103,0,368,232.74,186.19,1.25,1.25,3.5
"56",2,2,2,269.65,269.65,0,1,0.5,0,1229,0,1229,134.82,134.82,1,1,1.5
"57",3,5,1,994.65,9.99,0.8,1,0,0.2,1368,0.989956266023224,684,3.33,9.99,1.67,0.33,1.7
"58",12,13,8,2971.38,1719.29,0.384615384615385,1,0.54,0,1337,0.421383330304438,122,143.27,214.91,1.08,0.67,3
"59",2,3,1,2454.16,9.99,0.666666666666667,0.33,0.33,1,898,0.995929360758875,898,5,9.99,1.5,0.5,1.4
"60",3,4,1,822.97,263.07,0.75,0.75,0.25,0,1322,0.680340717158584,661,87.69,263.07,1.33,0.33,1.8
"61",4,6,4,889.74,688.03,0.333333333333333,1,0,0.33,933,0.226706678355475,311,172.01,172.01,1.5,1,3.3
"62",30,44,13,19014.37,3664.3,0.704545454545455,0.36,0.14,0,1374,0.80728785650011,47,122.14,281.87,1.47,0.43,4.2
"63",10,13,10,5111.42,4186.98,0.230769230769231,0.46,0.54,0.15,2642,0.18085776555243,294,418.7,418.7,1.3,1,4
"64",18,26,18,7013.59,5280.62,0.307692307692308,0.96,0.08,0,1220,0.247087440241018,72,293.37,293.37,1.44,1,4.5
"65",3,3,3,860.38,860.38,0,1,0.33,0,1295,0,648,286.79,286.79,1,1,3.2
"66",12,13,9,3993.14,2080.02,0.307692307692308,0.46,0.69,0.15,1182,0.479101659345778,107,173.34,231.11,1.08,0.75,3.7
"67",42,56,18,17610.93,4985.8,0.678571428571429,0.38,0.61,0.04,1365,0.716891725763489,33,118.71,276.99,1.33,0.43,4.3
"68",7,10,1,4279.19,557.21,0.9,0.2,0,0.6,958,0.869786104379567,160,79.6,557.21,1.43,0.14,2.4
"69",18,21,5,5536.59,1504.04,0.761904761904762,1,0.67,0,1395,0.728345425613961,82,83.56,300.81,1.17,0.28,3
"70",9,12,7,3268.28,2363.14,0.416666666666667,0.58,0,0.42,1106,0.276946895614819,138,262.57,337.59,1.33,0.78,2.9
"71",13,13,7,2360.95,1146.32,0.461538461538462,1,0.62,0.31,1379,0.514466634193863,115,88.18,163.76,1,0.54,3.3
"72",3,3,2,815.31,696.89,0.333333333333333,0.33,0.33,0.33,958,0.145245366792999,479,232.3,348.44,1,0.67,2.8
"73",6,10,6,7309.14,4067.81,0.4,0.1,0,0,1373,0.443462568783742,275,677.97,677.97,1.67,1,3.4
"74",65,90,31,32412.72,10246.62,0.655555555555556,0.38,0.24,0.12,1302,0.68387040643303,20,157.64,330.54,1.38,0.48,5
"75",11,13,10,8381.32,4807.29,0.230769230769231,0.46,0.38,0.15,1360,0.426428056678423,136,437.03,480.73,1.18,0.91,4.1
"76",6,7,4,1698.65,993.67,0.428571428571429,1,0.57,0.43,1231,0.415023695287434,246,165.61,248.42,1.17,0.67,2.8
"77",6,6,5,1658.54,1176.51,0.166666666666667,0.83,0.67,0.17,1177,0.290635136927659,235,196.09,235.3,1,0.83,3.3
"78",11,11,9,1571.7,1282.69,0.181818181818182,1,0.45,0.64,1241,0.183883692816695,124,116.61,142.52,1,0.82,3.3
"79",4,7,5,1511.67,1064.72,0.285714285714286,1,0.57,0,530,0.295666382213049,177,266.18,212.94,1.75,1.25,3.1
"80",7,10,3,1715.25,536.54,0.7,0.9,0.2,0.5,1292,0.687194286547151,215,76.65,178.85,1.43,0.43,2.1
"81",4,5,5,2067.19,2067.19,0,0.8,0,0.4,1992,0,664,516.8,413.44,1.25,1.25,3.8
"82",38,44,6,12981.67,1761.03,0.863636363636364,0.2,0.48,0.02,1293,0.864344880127133,35,46.34,293.5,1.16,0.16,3.5
"83",39,45,8,17535.84,2456.34,0.822222222222222,0.49,0.33,0.22,1314,0.859924588727999,35,62.98,307.04,1.15,0.21,3.7
"84",2,3,1,384,9.99,0.666666666666667,1,0.33,0.67,241,0.973984375,241,5,9.99,1.5,0.5,2
"85",2,2,1,335.24,178.43,0.5,1,0,1,770,0.467754444577019,770,89.22,178.43,1,0.5,2.2
"86",6,6,2,985.76,320.19,0.666666666666667,1,0.67,0.17,1181,0.67518462911865,236,53.37,160.09,1,0.33,2.4
"87",4,4,3,780.29,525.23,0.25,0.5,0,1,1128,0.3268784682618,376,131.31,175.08,1,0.75,3.1
"88",5,5,3,875.47,693.41,0.4,1,0.6,0.2,1221,0.207956868881858,305,138.68,231.14,1,0.6,2.6
"89",4,5,2,2209.76,503.64,0.6,0.6,0.4,0.8,1043,0.772083846209543,348,125.91,251.82,1.25,0.5,2.2
"90",6,10,6,1989.8,1405.42,0.4,0.9,0.3,0.4,1266,0.293687807819881,253,234.24,234.24,1.67,1,3.1
"91",2,3,1,994.59,9.99,0.666666666666667,0,0,0.33,1011,0.989955660121256,1011,5,9.99,1.5,0.5,1.5
"92",25,34,16,8024.2,3440.8,0.529411764705882,0.74,0.06,0.15,1344,0.571197128685726,56,137.63,215.05,1.36,0.64,3.9
"93",2,2,1,311.34,184.79,0.5,1,0.5,0.5,1159,0.406468812231002,1159,92.39,184.79,1,0.5,1.5
"94",41,64,9,28951.01,4855.01,0.859375,0.8,0.19,0,1081,0.832302569064084,27,118.41,539.45,1.56,0.22,3.7
"95",6,15,4,2939.72,479.99,0.733333333333333,0.87,0.13,0,1351,0.836722545004286,270,80,120,2.5,0.67,2.3
"96",2,2,2,463.46,463.46,0,1,0.5,1,1188,0,1188,231.73,231.73,1,1,2.1
"97",9,15,7,2727.19,1438.22,0.533333333333333,1,0.27,0.13,1306,0.472636669978989,163,159.8,205.46,1.67,0.78,2.6
"98",154,165,16,43169.77,3962.96,0.903030303030303,0.3,0.43,0.04,1297,0.908200576468209,8,25.73,247.69,1.07,0.1,5
"99",27,41,20,18387.33,9673.66,0.51219512195122,0.1,0.39,0.15,1087,0.473895339888934,42,358.28,483.68,1.52,0.74,4.4
"100",15,19,8,4393.68,1841,0.578947368421053,0.74,0.53,0.05,644,0.580989057009159,46,122.73,230.12,1.27,0.53,3.2
"101",6,6,5,1188.91,952.53,0.166666666666667,0.67,0.67,0,514,0.198820768603174,103,158.75,190.51,1,0.83,3.4
"102",4,5,2,1899.94,1007.49,0.6,0.8,0.4,0,1111,0.469725359748203,370,251.87,503.75,1.25,0.5,2.6
"103",59,130,7,20493.84,766.16,0.946153846153846,0.96,0.33,0.12,813,0.96261510775921,14,12.99,109.45,2.2,0.12,3.8
"104",9,12,3,2221.46,338.2,0.75,0.92,0.75,0.17,1266,0.847757780918855,158,37.58,112.73,1.33,0.33,2.2
"105",2,2,1,372.37,9.99,0.5,1,0.5,0,1266,0.973171845207723,1266,5,9.99,1,0.5,1.4
"106",2,3,3,545.67,545.67,0,1,0.33,0.67,698,0,698,272.83,181.89,1.5,1.5,2.8
"107",3,4,1,3141.92,1038.2,0.75,0.25,0.75,0,745,0.669565106686357,372,346.07,1038.2,1.33,0.33,2.2
"108",2,2,1,554.18,9.99,0.5,1,1,0,469,0.981973366054351,469,5,9.99,1,0.5,2
"109",2,2,2,462.69,462.69,0,1,0.5,0.5,995,0,995,231.34,231.34,1,1,1.8
"110",6,12,7,3180.72,2031.49,0.416666666666667,0.67,0.58,0,1152,0.361311275434493,230,338.58,290.21,2,1.17,2.8
"111",2,2,2,463.96,463.96,0,0.5,0.5,0,676,0,676,231.98,231.98,1,1,2.8
"112",8,8,3,2269.49,910.5,0.625,1,0.25,0.12,788,0.59880854288849,113,113.81,303.5,1,0.38,2.4
"113",4,5,2,1048.78,561.42,0.6,1,0,0.2,1062,0.464692309159214,354,140.35,280.71,1.25,0.5,2.3
"114",2,2,1,440.48,229.41,0.5,1,0,0,955,0.479181801670905,955,114.7,229.41,1,0.5,2
"115",4,6,5,1344.03,950.99,0.166666666666667,1,0.67,0,1280,0.29243394864698,427,237.75,190.2,1.5,1.25,3.1
"116",4,7,3,1350.94,641.98,0.571428571428571,1,0.43,0,296,0.524790146120479,99,160.5,213.99,1.75,0.75,2.8
"117",6,7,6,1322.41,1087.2,0.142857142857143,1,0.29,0.71,1056,0.177864656195885,211,181.2,181.2,1.17,1,3
"118",5,6,3,4092.94,3126.31,0.5,0,0.5,0,555,0.236170088005199,139,625.26,1042.1,1.2,0.6,3.6
"119",11,19,15,4006.12,3070.87,0.210526315789474,1,0.79,0,2302,0.233455313370543,230,279.17,204.72,1.73,1.36,3.7
"120",19,24,15,13187.92,5350.55,0.375,0.21,0.46,0.08,1210,0.594284011428641,67,281.61,356.7,1.26,0.79,4.3
"121",3,3,3,432.05,432.05,0,1,0.67,0,1200,0,600,144.02,144.02,1,1,2.7
"122",5,6,2,852.87,346.72,0.666666666666667,1,0.5,0.67,1226,0.593466765157644,306,69.34,173.36,1.2,0.4,1.5
"123",10,13,3,2691.9,683.61,0.769230769230769,0.92,0.15,0.38,990,0.746049258887775,110,68.36,227.87,1.3,0.3,3
"124",13,16,5,7312.62,1632.94,0.6875,0.12,0.12,0.06,843,0.77669563029393,70,125.61,326.59,1.23,0.38,3.4
"125",4,4,4,1083.68,1083.68,0,1,0,0.5,355,0,118,270.92,270.92,1,1,3.7
"126",4,4,4,672.35,672.35,0,1,0.25,0.5,1041,0,347,168.09,168.09,1,1,3.6
"127",5,7,5,1073.38,644.36,0.285714285714286,1,0.43,0,1083,0.399690696677784,271,128.87,128.87,1.4,1,2.9
"128",5,5,3,1365.17,1003.88,0.4,0.8,0.2,0.4,443,0.264648358812456,111,200.78,334.63,1,0.6,2.9
"129",14,14,5,4625.92,1787.6,0.642857142857143,0.93,0.43,0,1184,0.613568760376314,91,127.69,357.52,1,0.36,3
"130",14,25,20,5156.35,4176.67,0.2,0.84,0.6,0.16,1182,0.189994860705732,91,298.33,208.83,1.79,1.43,4.1
"131",2,2,2,247.92,247.92,0,0.5,0,0.5,1218,0,1218,123.96,123.96,1,1,1.9
"132",3,3,1,529.15,235.57,0.666666666666667,1,0.67,0,531,0.554814324860626,266,78.52,235.57,1,0.33,1.4
"133",8,13,5,4339.29,1714.38,0.615384615384615,0.31,0.54,0.08,1067,0.604916933415374,152,214.3,342.88,1.62,0.62,1.5
"134",10,13,3,5789.2,1289.85,0.769230769230769,0.46,0.54,0,1198,0.77719719477648,133,128.98,429.95,1.3,0.3,3
"135",28,51,13,35834.18,9460,0.745098039215686,0.27,0.61,0.08,1225,0.73600623762006,45,337.86,727.69,1.82,0.46,3.7
"136",64,80,39,20003.93,11023.89,0.5125,0.84,0.28,0.21,1216,0.448913788440572,19,172.25,282.66,1.25,0.61,5
"137",4,6,1,1808.14,133.76,0.833333333333333,0.5,0.5,0.67,756,0.926023427389472,252,33.44,133.76,1.5,0.25,1.9
"138",5,9,6,4240.06,2451.76,0.333333333333333,0.67,0.44,0,1183,0.42176289958161,296,490.35,408.63,1.8,1.2,3.5
"139",9,13,4,3158.99,1243.42,0.692307692307692,1,0.54,0,1088,0.606386851493674,136,138.16,310.86,1.44,0.44,2.7
"140",31,49,16,23351.6,7430.42,0.673469387755102,0.39,0.24,0.2,1171,0.681802531732301,39,239.69,464.4,1.58,0.52,4.2
"141",21,27,5,9359.96,2448.62,0.814814814814815,0.59,0.7,0.19,804,0.738394181171714,40,116.6,489.72,1.29,0.24,2.7
"142",2,3,1,465.49,9.99,0.666666666666667,1,0.33,0,562,0.9785387441191,562,5,9.99,1.5,0.5,2.1
"143",7,8,2,2441.13,635.63,0.75,1,0.12,0.25,1091,0.739616489084973,182,90.8,317.81,1.14,0.29,2.6
"144",4,5,2,1560.86,937.19,0.6,0.8,0.8,0.4,1045,0.399568186768833,348,234.3,468.6,1.25,0.5,2.4
"145",9,11,10,4565.03,3892.92,0.0909090909090909,0.64,0.45,0,1155,0.14723013868474,144,432.55,389.29,1.22,1.11,4.3
"146",24,37,28,8500.59,7191.53,0.243243243243243,0.7,0.35,0.16,1097,0.153996369663753,48,299.65,256.84,1.54,1.17,3.8
"147",43,63,27,11742.42,5484.69,0.571428571428571,0.71,0.51,0.19,1175,0.532916553827916,28,127.55,203.14,1.47,0.63,3.9
"148",5,7,3,2477.73,1317.63,0.571428571428571,0,0.29,0.14,614,0.468210822002397,154,263.53,439.21,1.4,0.6,3.1
"149",2,2,2,1081.74,1081.74,0,0,0.5,0,452,0,452,540.87,540.87,1,1,3.6
"150",34,52,34,20643.84,13676.29,0.346153846153846,0.35,0.1,0,905,0.33751230391245,27,402.24,402.24,1.53,1,5
"151",6,6,4,2578.09,2168.33,0.333333333333333,0.5,0.17,0.67,1020,0.158939369843566,204,361.39,542.08,1,0.67,3.3
"152",9,16,4,3402.23,941.67,0.75,0.81,0.56,0.31,1161,0.723219770562249,145,104.63,235.42,1.78,0.44,2.7
"153",5,5,4,1286.91,1013.88,0.2,1,0,0.2,988,0.212159358463296,247,202.78,253.47,1,0.8,3.6
"154",2,2,1,251.59,134.38,0.5,0.5,0.5,0.5,1187,0.465877022139195,1187,67.19,134.38,1,0.5,1.2
"155",20,22,9,11364.76,4888.57,0.590909090909091,0.23,0.64,0,913,0.569848373392839,48,244.43,543.17,1.1,0.45,3.5
"156",4,6,3,1178.65,713.08,0.5,0.5,0.67,0,345,0.395002757391931,115,178.27,237.69,1.5,0.75,2.7
"157",8,14,1,2543.75,139.36,0.928571428571429,0.64,0.36,0.5,1150,0.945214742014742,164,17.42,139.36,1.75,0.12,2.2
"158",13,14,5,2858.56,1328.75,0.642857142857143,1,0.21,0.43,711,0.535168056643905,59,102.21,265.75,1.08,0.38,3.3
"159",11,15,9,7638.63,4918.46,0.4,0.27,0.13,0.33,1093,0.356107050609861,109,447.13,546.5,1.36,0.82,4.2
"160",78,86,2,21333.69,286.39,0.976744186046512,0.78,0.59,0.01,2549,0.986575693187629,33,3.67,143.19,1.1,0.03,3.8
"161",37,46,3,9873.45,543.06,0.934782608695652,0.76,0.13,0.13,974,0.944997949045167,27,14.68,181.02,1.24,0.08,3.5
"162",7,14,1,2449.86,180.5,0.928571428571429,1,0.86,0,921,0.926322320459128,154,25.79,180.5,2,0.14,1.6
"163",13,14,2,3139.18,436.64,0.857142857142857,1,0.43,0.5,1152,0.860906351340159,96,33.59,218.32,1.08,0.15,2.3
"164",5,5,3,3138.3,1576.51,0.4,0.4,1,0,977,0.497654781250996,244,315.3,525.5,1,0.6,2.9
"165",16,16,6,3436.54,1364.23,0.625,0.75,0.25,0.06,1048,0.603022225843436,70,85.26,227.37,1,0.38,3.3
"166",71,92,23,33779.1,8194.97,0.75,0.45,0.52,0.17,1136,0.757395253277914,16,115.42,356.3,1.3,0.32,5
"167",10,17,5,4989.95,1625.9,0.705882352941176,0.76,0.29,0,426,0.674165071794307,47,162.59,325.18,1.7,0.5,3.1
"168",9,10,4,6764.58,3410.48,0.6,0.3,0.3,0.2,975,0.495832705060772,122,378.94,852.62,1.11,0.44,3.4
"169",15,19,17,4727.37,4354.14,0.105263157894737,0.68,0.95,0,1074,0.0789508754339092,77,290.28,256.13,1.27,1.13,4.2
"170",2,2,2,165.97,165.97,0,1,0,1,739,0,739,82.98,82.98,1,1,2.6
"171",12,20,8,3286.89,971.72,0.6,1,0.9,0.1,1162,0.704364916379921,106,80.98,121.47,1.67,0.67,2.6
"172",4,4,3,1430.1,1348.7,0.25,0.5,0.75,0,1071,0.0569190965666736,357,337.18,449.57,1,0.75,3.1
"173",6,8,4,1352.82,627.06,0.5,0.88,0.12,0.5,978,0.536479354237814,196,104.51,156.76,1.33,0.67,3.2
"174",9,10,8,1850.94,1362.55,0.2,0.7,0.2,0.7,1023,0.263860524922472,128,151.39,170.32,1.11,0.89,3.6
"175",7,8,5,2428.06,1132.48,0.375,0,0.88,0,1115,0.533586484683245,186,161.78,226.5,1.14,0.71,2.5
"176",2,2,1,424.85,153.02,0.5,1,0.5,0.5,911,0.639825820877957,911,76.51,153.02,1,0.5,1.6
"177",8,9,7,1541.35,1169.71,0.222222222222222,0.89,0.33,0.33,1067,0.241113309760924,152,146.21,167.1,1.12,0.88,3.5
"178",27,57,10,11708.78,2265.61,0.824561403508772,0.75,0.42,0.28,1115,0.806503324855365,43,83.91,226.56,2.11,0.37,3.2
"179",2,2,2,512.9,512.9,0,1,1,0.5,550,0,550,256.45,256.45,1,1,2.4
"180",11,17,7,3231.35,1323.03,0.588235294117647,0.82,0.29,0,952,0.590564315224287,95,120.28,189,1.55,0.64,3.2
"181",4,6,1,1018.16,158.69,0.833333333333333,0,0.5,0.5,361,0.844140410151646,120,39.67,158.69,1.5,0.25,2.2
"182",86,150,48,44950.05,14061.01,0.68,0.64,0.18,0.15,968,0.687185887446176,11,163.5,292.94,1.74,0.56,5
"183",6,6,4,2426.34,1418.23,0.333333333333333,0.33,0.83,0,761,0.415485875845924,152,236.37,354.56,1,0.67,3.3
"184",2,2,2,695.19,695.19,0,0.5,0.5,0.5,565,0,565,347.6,347.6,1,1,3.3
"185",3,3,3,570.11,570.11,0,1,0.67,0,504,0,252,190.04,190.04,1,1,3.1
"186",2,2,1,610.02,273.74,0.5,1,0,0.5,553,0.551260614406085,553,136.87,273.74,1,0.5,2.2
"187",10,12,3,1636.36,312.04,0.75,0.67,0.5,0.08,896,0.809308465129922,100,31.2,104.01,1.2,0.3,2.7
"188",2,2,2,549.59,549.59,0,1,0,0,1031,0,1031,274.8,274.8,1,1,2.6
"189",24,39,4,11852.91,726.14,0.897435897435897,0.54,0.08,0.08,1089,0.938737407100872,47,30.26,181.53,1.62,0.17,3.3
"190",7,12,5,3190.1,1147.93,0.583333333333333,1,0,0.58,642,0.640158615717376,107,163.99,229.59,1.71,0.71,3.1
"191",17,22,2,15253.31,2050.23,0.909090909090909,0.5,0.36,0.05,1085,0.865587862568846,68,120.6,1025.12,1.29,0.12,3
"192",18,35,7,6970.12,774.43,0.8,0.57,0.66,0,1096,0.888892874154247,64,43.02,110.63,1.94,0.39,2.8
"193",73,78,1,20079.05,9.99,0.987179487179487,0.62,0.09,0.01,713,0.999502466501154,10,0.14,9.99,1.07,0.01,4.5
"194",3,5,1,1041.64,176.05,0.8,1,0.6,0.2,798,0.830987673284436,399,58.68,176.05,1.67,0.33,1.9
"195",17,23,3,6382.57,1172.52,0.869565217391304,0.65,0.48,0.22,1002,0.816293436656394,63,68.97,390.84,1.35,0.18,2.8
"196",29,36,1,6745.49,9.99,0.972222222222222,0.75,0.11,0,740,0.998519010479594,26,0.34,9.99,1.24,0.03,3
"197",6,6,5,3507.42,2438.75,0.166666666666667,0.17,0.33,0.33,1058,0.304688346419876,212,406.46,487.75,1,0.83,3.9
"198",7,8,4,1138.58,485.54,0.5,1,0.75,0.25,914,0.573556535333485,152,69.36,121.39,1.14,0.57,2.7
"199",2,2,1,929.73,9.99,0.5,0.5,1,0,387,0.989254944984028,387,5,9.99,1,0.5,2.3
"200",11,13,12,4393.33,3995.03,0.0769230769230769,0.62,0.23,0.15,952,0.0906601598332016,95,363.18,332.92,1.18,1.09,4.1
"201",2,2,2,1216.08,1216.08,0,0.5,0,0.5,956,0,956,608.04,608.04,1,1,3.3
"202",8,13,5,6589.92,2418.98,0.615384615384615,0.54,0.15,0,2398,0.632927258601015,343,302.37,483.8,1.62,0.62,3.4
"203",3,4,4,918.65,918.65,0,0.5,0.25,0.5,673,0,336,306.22,229.66,1.33,1.33,3.4
"204",5,5,4,1241.36,1057.92,0.2,1,0,0.6,1019,0.147773409808597,255,211.58,264.48,1,0.8,2.5
"205",2,4,1,769.44,134.37,0.75,1,0.25,0,1061,0.825366500311915,1061,67.19,134.37,2,0.5,1
"206",7,7,6,2404.87,2026.53,0.142857142857143,0.86,0.29,0,941,0.157322433229239,157,289.5,337.75,1,0.86,4.1
"207",6,6,5,1609.44,1318.12,0.166666666666667,0.5,0.33,0.17,966,0.181007058355701,193,219.69,263.62,1,0.83,3.4
"208",4,5,2,2014.19,1322.09,0.6,0,0.4,0.6,1298,0.3436120723467,433,330.52,661.04,1.25,0.5,2.6
"209",6,13,6,3014.47,1450.08,0.538461538461538,0.85,0.15,0,860,0.518960215228548,172,241.68,241.68,2.17,1,2.8
"210",2,2,1,608.03,9.99,0.5,0,0.5,0,517,0.983569889643603,517,5,9.99,1,0.5,2.3
"211",63,64,44,16119.99,10663.94,0.3125,0.78,0.5,0.12,793,0.338464850164299,13,169.27,242.36,1.02,0.7,5
"212",8,11,6,3340.57,2163.19,0.454545454545455,0.73,0.45,0.27,1024,0.352448833582293,146,270.4,360.53,1.38,0.75,3.4
"213",13,14,3,4398.87,1249.12,0.785714285714286,0.5,0.14,0.07,320,0.716036163832984,27,96.09,416.37,1.08,0.23,3.2
"214",3,7,1,1530.94,191.82,0.857142857142857,0.43,0.86,0,751,0.874704429958065,376,63.94,191.82,2.33,0.33,1.3
"215",4,4,3,2727.84,1845.39,0.25,0.25,0.25,0,376,0.323497712475805,125,461.35,615.13,1,0.75,2
"216",76,170,11,59994.72,4218.49,0.935294117647059,0.58,0.09,0.15,904,0.929685645670152,12,55.51,383.5,2.24,0.14,4.5
"217",12,13,7,7306.06,2880.93,0.461538461538462,0.46,0.15,0,1061,0.605679394913264,96,240.08,411.56,1.08,0.58,3.5
"218",10,10,1,2921.57,9.99,0.9,0.4,0.5,0.2,537,0.996580605633273,60,1,9.99,1,0.1,2.7
"219",21,32,11,11221,5475.14,0.65625,0.41,0.19,0.06,1062,0.51206309598075,53,260.72,497.74,1.52,0.52,3.9
"220",8,10,5,1153.65,601.84,0.5,1,0.8,0,536,0.478316647163351,77,75.23,120.37,1.25,0.62,2.4
"221",7,9,7,1050.75,773.55,0.222222222222222,0.89,0.78,0,1057,0.263811563169165,176,110.51,110.51,1.29,1,3
"222",4,4,2,2145.57,754.88,0.5,0.25,0.5,0,872,0.648168085869955,291,188.72,377.44,1,0.5,2.6
"223",2,3,2,680.47,464.41,0.333333333333333,1,0.33,1,402,0.317515834643702,402,232.21,232.21,1.5,1,2.6
"224",8,9,8,2473.65,2300.04,0.111111111111111,0.89,0.33,0.11,931,0.0701837365835911,133,287.5,287.5,1.12,1,3.8
"225",4,4,3,739.59,571.43,0.25,1,0.75,0,346,0.227369218080288,115,142.86,190.48,1,0.75,3.2
"226",2,3,1,901.34,9.99,0.666666666666667,1,0,0.67,836,0.988916502096878,836,5,9.99,1.5,0.5,1.4
"227",11,20,7,6810.11,2640.96,0.65,0.65,0.15,0.15,746,0.612200096621053,75,240.09,377.28,1.82,0.64,2.8
"228",14,23,6,2785.09,641.04,0.739130434782609,1,0.83,0.17,1046,0.769831495571059,80,45.79,106.84,1.64,0.43,2.6
"229",2,3,1,417.98,9.99,0.666666666666667,1,0.67,0,608,0.976099334896407,608,5,9.99,1.5,0.5,1.7
"230",5,8,6,1333.04,1002.83,0.25,1,0,0.5,623,0.247711996639261,156,200.57,167.14,1.6,1.2,3.6
"231",14,15,8,5549.86,2502.56,0.466666666666667,0.27,0.47,0.13,980,0.549076913651876,75,178.75,312.82,1.07,0.57,3.3
"232",6,10,1,2552.97,202.46,0.9,0.6,0.2,0,932,0.92069628706957,186,33.74,202.46,1.67,0.17,2.1
"233",17,19,15,4242.23,3493.27,0.210526315789474,0.89,0.05,0.11,971,0.176548654834839,61,205.49,232.88,1.12,0.88,4.4
"234",32,51,22,19849.71,8046.16,0.568627450980392,0.76,0.16,0.22,1036,0.594645967119923,33,251.44,365.73,1.59,0.69,4.4
"235",3,4,1,2001.29,164.21,0.75,0.75,0.75,0,974,0.917947923589285,487,54.74,164.21,1.33,0.33,2
"236",8,11,3,2286.29,639.18,0.727272727272727,0.82,0.09,0,1024,0.720429166903586,146,79.9,213.06,1.38,0.38,2.9
"237",44,74,69,28177.67,27167.67,0.0675675675675675,0.43,0.15,0,694,0.0358439856808601,16,617.45,393.73,1.68,1.57,5
"238",4,6,4,3965.41,1495.45,0.333333333333333,0.17,0.17,0.17,1022,0.62287632300317,341,373.86,373.86,1.5,1,2.8
"239",5,11,1,1710.05,127.37,0.909090909090909,1,0.09,0.18,934,0.925516797754452,234,25.47,127.37,2.2,0.2,2.4
"240",29,36,18,20584.85,5678.94,0.5,0.64,0.44,0.03,947,0.724120408941527,34,195.83,315.5,1.24,0.62,3.9
"241",6,7,4,1208.4,600.41,0.428571428571429,1,0.43,0.57,963,0.503136378682556,193,100.07,150.1,1.17,0.67,1.8
"242",4,5,3,1107.24,570.51,0.4,1,0.4,0.4,796,0.484745854557278,265,142.63,190.17,1.25,0.75,2.7
"243",7,7,3,1225.98,744.39,0.571428571428571,1,0.71,0.14,638,0.392820437527529,106,106.34,248.13,1,0.43,2.6
"244",3,4,4,1512.05,1512.05,0,0.25,0.25,0.75,640,0,320,504.02,378.01,1.33,1.33,3.9
"245",31,44,20,9329.16,4617.48,0.545454545454545,0.8,0.16,0.32,781,0.505048686055336,26,148.95,230.87,1.42,0.65,3.9
"246",2,2,1,320.23,171.88,0.5,1,0,0.5,238,0.463260781313431,238,85.94,171.88,1,0.5,2.8
"247",16,21,9,4730.43,1918.99,0.571428571428571,1,0.14,0.14,913,0.59433074794469,61,119.94,213.22,1.31,0.56,3.2
"248",7,11,5,3857.96,1833.87,0.545454545454545,0.18,0,0,720,0.524652925380253,120,261.98,366.77,1.57,0.71,3.7
"249",20,30,14,8249.57,4235.19,0.533333333333333,0.57,0.57,0.23,1024,0.486616878213046,54,211.76,302.51,1.5,0.7,3.4
"250",5,9,2,3158.64,1129.51,0.777777777777778,0,0.56,0,419,0.642406225464124,105,225.9,564.75,1.8,0.4,2.2
"251",3,3,3,515.3,515.3,0,1,0.67,0.33,940,0,470,171.77,171.77,1,1,3.1
"252",5,8,3,1279.97,584.32,0.625,1,0.62,0,660,0.543489300530481,165,116.86,194.77,1.6,0.6,2.3
"253",6,8,1,2222.49,9.99,0.875,0.62,0.5,0.5,970,0.995505041642482,194,1.66,9.99,1.33,0.17,2.2
"254",6,9,3,1901.71,341.76,0.666666666666667,0.33,0.56,0,977,0.820288056538589,195,56.96,113.92,1.5,0.5,2.8
"255",51,74,25,34218,12775.4,0.662162162162162,0.42,0.23,0.14,678,0.626646794084984,14,250.5,511.02,1.45,0.49,5
"256",3,5,3,875.8,623.96,0.4,1,0.6,0,903,0.28755423612697,452,207.99,207.99,1.67,1,2
"257",4,6,4,3023.27,2300.48,0.333333333333333,0,0.5,0.33,909,0.239075570491554,303,575.12,575.12,1.5,1,3.5
"258",9,11,3,5306.99,886.65,0.727272727272727,0.45,0.27,0,677,0.832927893212537,85,98.52,295.55,1.22,0.33,2.9
"259",7,14,6,9950.93,4548.42,0.571428571428571,0,0.5,0,735,0.542915084318752,122,649.77,758.07,2,0.86,3.9
"260",21,31,13,10323.78,3148.19,0.580645161290323,0.52,0.48,0.06,552,0.695054524602423,28,149.91,242.17,1.48,0.62,3.6
"261",9,13,5,3674.86,1526.06,0.615384615384615,1,0.15,0,340,0.584729758412565,42,169.56,305.21,1.44,0.56,2.9
"262",74,108,20,45622.39,7476.41,0.814814814814815,0.33,0.44,0.26,938,0.836124104852902,13,101.03,373.82,1.46,0.27,4.7
"263",20,27,8,10171.35,3296.8,0.703703703703704,0.44,0.37,0,991,0.675873900711312,52,164.84,412.1,1.35,0.4,3.3
"264",8,11,5,9465.31,3857.86,0.545454545454545,0,0.45,0.27,2311,0.592421167399694,330,482.23,771.57,1.38,0.62,3.4
"265",2,2,2,410.39,410.39,0,1,1,0,379,0,379,205.19,205.19,1,1,2.8
"266",2,2,1,637.55,309.2,0.5,1,0.5,0,714,0.515018429927065,714,154.6,309.2,1,0.5,2
"267",3,6,6,1168.26,1168.26,0,0.83,0.5,0,916,0,458,389.42,194.71,2,2,3.5
"268",4,4,4,890.34,890.34,0,1,0.5,0,416,0,139,222.59,222.59,1,1,3.3
"269",6,7,6,1041.01,937.65,0.142857142857143,1,0.57,0.71,857,0.0992881912757803,171,156.28,156.28,1.17,1,2.7
"270",7,9,1,2572.24,211.48,0.888888888888889,0.33,0.56,0.22,854,0.91778372158119,142,30.21,211.48,1.29,0.14,2.1
"271",5,11,3,4149.64,1193.14,0.727272727272727,0.18,0.45,0.18,960,0.712471443305925,240,238.63,397.71,2.2,0.6,2.6
"272",2,2,1,1488.93,703.26,0.5,0,0.5,0,707,0.527674235860652,707,351.63,703.26,1,0.5,1
"273",60,79,25,58444.28,19312.54,0.683544303797468,0.37,0.24,0,1910,0.669556370614883,32,321.88,772.5,1.32,0.42,5
"274",13,15,14,3320.88,2838.25,0.0666666666666667,0.93,0.13,0.07,413,0.14533196020332,34,218.33,202.73,1.15,1.08,4.2
"275",32,44,1,17298.6,283.45,0.977272727272727,0.59,0.68,0.07,677,0.983614280924468,22,8.86,283.45,1.38,0.03,2.8
"276",3,4,2,4333.99,2132.91,0.5,0.5,0.25,0.75,600,0.507864577444803,300,710.97,1066.45,1.33,0.67,3.4
"277",2,4,1,526.07,9.99,0.75,1,0.75,0,195,0.981010131731519,195,5,9.99,2,0.5,1.9
"278",2,2,2,445.92,445.92,0,1,0.5,0,741,0,741,222.96,222.96,1,1,2.9
"279",2,3,3,519.36,519.36,0,1,1,0,327,0,327,259.68,173.12,1.5,1.5,2.6
"280",2,2,2,1679.7,1679.7,0,0,0,1,596,0,596,839.85,839.85,1,1,4
"281",30,30,27,5980.14,5429.83,0.1,1,0.5,0.07,1937,0.0920229292290816,67,180.99,201.1,1,0.9,4.9
"282",3,3,1,779.6,214.09,0.666666666666667,0.67,0.33,0,586,0.725384812724474,293,71.36,214.09,1,0.33,2.4
"283",8,8,8,1582.89,1582.89,0,0.88,0.62,0.25,755,0,108,197.86,197.86,1,1,3.9
"284",8,10,6,2701.77,1840.55,0.4,0.6,0,0,855,0.318761404560714,122,230.07,306.76,1.25,0.75,3.8
"285",4,4,2,760.42,384.04,0.5,1,0.5,0,622,0.494963309749875,207,96.01,192.02,1,0.5,2.9
"286",5,5,5,1435.02,1435.02,0,1,0,0.8,606,0,152,287,287,1,1,3.9
"287",2,2,2,926.12,926.12,0,0,0,0,938,0,938,463.06,463.06,1,1,3.6
"288",2,3,1,1036.35,9.99,0.666666666666667,1,0,0.67,851,0.990360399478941,851,5,9.99,1.5,0.5,1.6
"289",17,30,9,7396.85,1095.76,0.7,0.6,0.43,0.13,939,0.851861265268324,59,64.46,121.75,1.76,0.53,2.9
"290",11,15,13,3877.96,3468.93,0.133333333333333,0.4,0.67,0.2,849,0.105475559314691,85,315.36,266.84,1.36,1.18,4.2
"291",5,7,3,1699.47,640.46,0.571428571428571,1,0,0.29,863,0.623141332297716,216,128.09,213.49,1.4,0.6,2.8
"292",12,16,6,6787.7,2098.97,0.625,0.31,0.06,0,847,0.69076859613713,77,174.91,349.83,1.33,0.5,3.5
"293",4,4,3,1007.24,797.85,0.25,1,0.25,0.5,652,0.207884913228228,217,199.46,265.95,1,0.75,3.1
"294",8,10,6,1793.53,1154.51,0.4,0.9,0,0.9,751,0.356291782127982,107,144.31,192.42,1.25,0.75,3.1
"295",5,6,5,1858.56,1648.42,0.166666666666667,0.67,0.5,0.5,1133,0.113066029614325,283,329.68,329.68,1.2,1,3.3
"296",17,19,2,12004.89,1611.35,0.894736842105263,0.32,0.32,0.26,605,0.865775529804938,38,94.79,805.67,1.12,0.12,2.9
"297",2,2,1,378.42,255.1,0.5,1,0,0.5,115,0.325881295914592,115,127.55,255.1,1,0.5,2.4
"298",4,6,4,947.77,548.73,0.333333333333333,1,0.5,0,885,0.421030418772487,295,137.18,137.18,1.5,1,2.6
"299",6,8,4,3048.18,1330.48,0.5,0.88,0.25,0,890,0.563516590227611,178,221.75,332.62,1.33,0.67,3.1
"300",3,4,4,491.37,491.37,0,1,0.25,1,473,0,236,163.79,122.84,1.33,1.33,3
"301",2,2,2,525.19,525.19,0,1,0.5,0,122,0,122,262.6,262.6,1,1,3.4
"302",2,2,1,299.47,126.56,0.5,1,1,0,846,0.577386716532541,846,63.28,126.56,1,0.5,1.1
"303",17,21,21,9064.76,9064.76,0,0.62,0.33,0.1,709,0,44,533.22,431.66,1.24,1.24,5
"304",7,7,4,1731.39,1053.15,0.428571428571429,0.86,0.29,0,521,0.391731498969036,87,150.45,263.29,1,0.57,3.1
"305",3,3,3,869.24,869.24,0,1,0,0,771,0,386,289.75,289.75,1,1,3.8
"306",2,2,1,808.57,246.35,0.5,0.5,0.5,0,114,0.695326316830948,114,123.17,246.35,1,0.5,3
"307",2,2,1,573.6,334.4,0.5,1,0.5,0,124,0.417015341701534,124,167.2,334.4,1,0.5,2.6
"308",3,3,2,720.52,580.6,0.333333333333333,1,0.67,0.67,459,0.194193082773552,230,193.53,290.3,1,0.67,2.3
"309",2,4,2,479.14,264.39,0.5,1,0.25,1,810,0.448198856284176,810,132.19,132.19,2,1,1.4
"310",10,12,3,2362.06,586.36,0.75,1,0.75,0.08,888,0.751759057771606,99,58.64,195.45,1.2,0.3,2.2
"311",9,9,7,4383.28,3812.77,0.222222222222222,0.67,0.33,0.22,865,0.13015595627019,108,423.64,544.68,1,0.78,3.6
"312",9,14,2,2674.08,529.16,0.857142857142857,1,0.14,0.07,146,0.802115119966493,18,58.8,264.58,1.56,0.22,2.6
"313",3,4,2,1173.23,454.62,0.5,0.5,0.25,0,106,0.612505646804122,53,151.54,227.31,1.33,0.67,3.2
"314",123,159,17,42818.62,5030.11,0.893081761006289,0.96,0.53,0.05,642,0.882525172460019,5,40.9,295.89,1.29,0.14,5
"315",8,14,7,2553.88,1279.65,0.5,0.71,0.71,0.5,908,0.498938869484862,130,159.96,182.81,1.75,0.88,2.6
"316",2,3,1,912.8,9.99,0.666666666666667,0.33,0.33,0.67,575,0.989055652936021,575,5,9.99,1.5,0.5,1.5
"317",3,6,2,972.52,341.77,0.666666666666667,0.67,1,0,842,0.648572779994242,421,113.92,170.88,2,0.67,2
"318",2,2,1,310.47,185.75,0.5,0.5,0,0,230,0.401713531098013,230,92.88,185.75,1,0.5,2.6
"319",3,3,3,514.67,514.67,0,1,0.67,0.67,756,0,378,171.56,171.56,1,1,2.3
"320",2,2,2,403.94,403.94,0,1,0.5,0,204,0,204,201.97,201.97,1,1,2.9
"321",8,9,7,1779.87,1431.77,0.222222222222222,0.67,0.33,0.22,776,0.195576081399203,111,178.97,204.54,1.12,0.88,3.8
"322",2,2,2,362.7,362.7,0,1,0,1,508,0,508,181.35,181.35,1,1,2.9
"323",3,3,1,794.63,9.99,0.666666666666667,1,0.67,0.33,6,0.987428111196406,3,3.33,9.99,1,0.33,2.4
"324",3,3,3,467.12,467.12,0,1,0.33,1,216,0,108,155.71,155.71,1,1,2.9
"325",4,5,1,1590.59,9.99,0.8,0.6,0.6,0,875,0.993719311701947,292,2.5,9.99,1.25,0.25,2
"326",2,2,1,566.79,9.99,0.5,0.5,0.5,0,12,0.982374424389986,12,5,9.99,1,0.5,2.8
"327",14,28,7,5768.46,1406.96,0.75,0.86,0.68,0.18,856,0.756094347538164,66,100.5,200.99,2,0.5,2.9
"328",3,4,2,872.1,477.08,0.5,1,0.5,0.5,529,0.452952643045522,264,159.03,238.54,1.33,0.67,2.6
"329",19,24,11,4108.54,1788.44,0.541666666666667,0.88,0.38,0.5,1428,0.564701816216953,79,94.13,162.59,1.26,0.58,2.9
"330",6,6,6,2866.51,2866.51,0,0.33,0.83,0.17,868,0,174,477.75,477.75,1,1,3.9
"331",2,2,2,753.56,753.56,0,0,1,0,-6,0,-6,376.78,376.78,1,1,2.9
"332",21,27,23,5714.31,4554.21,0.148148148148148,0.67,0.37,0.41,891,0.203016637179292,45,216.87,198.01,1.29,1.1,4.7
"333",16,17,11,4479,2871.22,0.352941176470588,0.71,0.24,0.12,807,0.358959589194017,54,179.45,261.02,1.06,0.69,4
"334",2,2,2,667.66,667.66,0,0.5,0,0.5,580,0,580,333.83,333.83,1,1,3.5
"335",5,5,3,1032.61,526.89,0.4,1,1,0,804,0.489749276106177,201,105.38,175.63,1,0.6,2.2
"336",2,2,1,1824.69,115.18,0.5,0.5,0.5,0,474,0.936876948961193,474,57.59,115.18,1,0.5,2.1
"337",11,24,10,4147.25,1848.87,0.583333333333333,1,0.08,0,838,0.554193742841642,84,168.08,184.89,2.18,0.91,3.2
"338",3,4,2,728.31,380.84,0.5,1,0.5,0,867,0.477090799247573,434,126.95,190.42,1.33,0.67,2.3
"339",5,5,4,2114.3,1511.94,0.2,0.6,0.8,0.2,863,0.284898075013007,216,302.39,377.99,1,0.8,3.3
"340",6,8,8,3742.64,3742.64,0,0.12,0.12,0,653,0,131,623.77,467.83,1.33,1.33,4.6
"341",29,29,18,7712.15,4865.81,0.379310344827586,0.83,0.41,0.21,853,0.369072178316034,30,167.79,270.32,1,0.62,4.5
"342",8,11,8,1830.02,1277.42,0.272727272727273,1,0.64,0.18,885,0.3019639129627,126,159.68,159.68,1.38,1,3.2
"343",44,45,45,8156.63,8156.63,0,0.96,0.64,0.02,843,0,20,185.38,181.26,1.02,1.02,5
"344",2,2,1,1485.03,9.99,0.5,0,0.5,0,58,0.993272863174481,58,5,9.99,1,0.5,2
"345",4,6,2,1487.06,402.57,0.666666666666667,0,0.33,0.33,193,0.729284628730515,64,100.64,201.28,1.5,0.5,2.8
"346",26,29,16,9391.66,5627.92,0.448275862068966,0.93,0.14,0.17,808,0.400753434430122,32,216.46,351.75,1.12,0.62,4.3
"347",68,104,11,20809.75,1714.2,0.894230769230769,0.88,0.45,0.09,851,0.917625151671692,13,25.21,155.84,1.53,0.16,4.2
"348",2,2,1,524.89,230.16,0.5,1,1,0,754,0.561508125512012,754,115.08,230.16,1,0.5,1.8
"349",15,20,5,2158.62,539.72,0.75,0.95,0.9,0,866,0.749969888169293,62,35.98,107.94,1.33,0.33,2.2
"350",2,2,1,597.67,9.99,0.5,1,1,0,176,0.983285090434521,176,5,9.99,1,0.5,2.1
"351",7,8,1,1763.5,403.45,0.875,1,0.12,0.12,40,0.771222001701163,7,57.64,403.45,1.14,0.14,2.5
"352",13,25,2,4502.96,570.5,0.92,1,0.44,0.04,679,0.873305559010073,57,43.88,285.25,1.92,0.15,1.2
"353",3,3,3,769.38,769.38,0,0.67,0.67,0,868,0,434,256.46,256.46,1,1,3.1
"354",9,10,7,4146.76,3304.43,0.3,0.4,0.3,0.2,847,0.203129672322488,106,367.16,472.06,1.11,0.78,4.2
"355",212,221,16,355772.8,17128.28,0.927601809954751,0.1,0.18,0,2522,0.951856128405544,12,80.79,1070.52,1.04,0.08,5
"356",3,3,1,984.69,9.99,0.666666666666667,1,0.67,0.33,463,0.989854675075404,232,3.33,9.99,1,0.33,1.9
"357",4,4,2,3331.09,819.21,0.5,0.75,0.75,0,567,0.754071490112846,189,204.8,409.61,1,0.5,2.2
"358",2,3,3,1252.53,1252.53,0,0,0.67,0,452,0,452,626.26,417.51,1.5,1.5,3.8
"359",2,3,2,782.87,481.24,0.333333333333333,1,0.33,0,70,0.385287467906549,70,240.62,240.62,1.5,1,3
"360",2,2,2,185.96,185.96,0,1,1,0,699,0,699,92.98,92.98,1,1,2.2
"361",6,6,5,1251.18,924.19,0.166666666666667,1,0.17,0.67,631,0.261345290046196,126,154.03,184.84,1,0.83,2.8
"362",11,17,11,3002.29,2066.17,0.352941176470588,0.94,0.29,0.06,806,0.311801991146758,81,187.83,187.83,1.55,1,3.7
"363",7,10,2,1708.32,344.5,0.8,1,0.6,0.5,563,0.798339889482064,94,49.21,172.25,1.43,0.29,2
"364",5,6,6,1154.95,1154.95,0,1,0.67,0,488,0,122,230.99,192.49,1.2,1.2,2.8
"365",6,9,2,2185.47,428.83,0.777777777777778,0.56,0.33,0,636,0.80378133765277,127,71.47,214.41,1.5,0.33,2.5
"366",7,8,7,1911.29,1544.23,0.125,1,0.62,0.12,750,0.19204830245541,125,220.6,220.6,1.14,1,3.1
"367",2,2,2,478.8,478.8,0,1,0.5,0.5,718,0,718,239.4,239.4,1,1,2.2
"368",7,8,1,1294.54,86.31,0.875,0.75,0.62,0.5,552,0.933327668515457,92,12.33,86.31,1.14,0.14,2.1
"369",3,3,3,589.86,589.86,0,1,0.33,0.67,501,0,250,196.62,196.62,1,1,3.1
"370",4,8,1,1008.58,125.6,0.875,0.88,0.75,0.25,773,0.875468480437843,258,31.4,125.6,2,0.25,1.6
"371",8,8,5,2588.82,1114.35,0.375,0.62,0.5,0.25,806,0.569552923725867,115,139.29,222.87,1,0.62,3.4
"372",2,2,2,494.22,494.22,0,1,0.5,0,715,0,715,247.11,247.11,1,1,2.1
"373",7,10,7,1895.64,1521.06,0.3,1,0.2,0.6,300,0.197600810280433,50,217.29,217.29,1.43,1,3.3
"374",3,3,3,612.94,612.94,0,1,0.67,0.67,717,0,358,204.31,204.31,1,1,2.9
"375",10,10,6,2196.87,1434.19,0.4,1,0.4,0.1,836,0.347166650734909,93,143.42,239.03,1,0.6,3.2
"376",10,10,3,3719.77,1349.79,0.7,0.5,1,0,122,0.637130790344564,14,134.98,449.93,1,0.3,2.6
"377",3,3,3,938.12,938.12,0,0,0.33,0.67,789,0,394,312.71,312.71,1,1,3.1
"378",2,2,2,409.7,409.7,0,1,0,0.5,-6,0,-6,204.85,204.85,1,1,3.6
"379",3,4,1,1084.12,9.99,0.75,0.75,0,0,367,0.990785152935099,184,3.33,9.99,1.33,0.33,2.3
"380",2,2,1,492.48,224.34,0.5,1,0,0.5,15,0.544468810916179,15,112.17,224.34,1,0.5,2.9
"381",4,7,1,1082.06,9.99,0.857142857142857,0.86,0,0.86,779,0.990767609929209,260,2.5,9.99,1.75,0.25,1.9
"382",3,4,1,635.03,149.48,0.75,1,0.5,0.5,678,0.764609546005701,339,49.83,149.48,1.33,0.33,2
"383",6,9,3,2374.9,1052.34,0.666666666666667,0.44,0.67,0,2049,0.55689081645543,410,175.39,350.78,1.5,0.5,2.6
"384",5,5,4,1203.95,816.79,0.2,1,0.6,0,594,0.32157481622991,148,163.36,204.2,1,0.8,3.4
"385",8,9,4,1706.22,748.3,0.555555555555556,1,0,0.44,591,0.561428186283129,84,93.54,187.07,1.12,0.5,3.1
"386",2,2,1,387.58,127.72,0.5,1,0,0,3,0.670468032406213,3,63.86,127.72,1,0.5,3.1
"387",3,3,3,1977.6,1977.6,0,0.33,0.33,0,267,0,134,659.2,659.2,1,1,4.2
"388",5,7,7,3637.2,3637.2,0,0.43,0.43,0,236,0,59,727.44,519.6,1.4,1.4,4.2
"389",5,5,2,1405.17,685.7,0.6,1,0.4,0.2,589,0.51201633965997,147,137.14,342.85,1,0.4,2.3
"390",2,2,1,479.55,166.97,0.5,1,0.5,0,327,0.65181941403399,327,83.48,166.97,1,0.5,2.5
"391",2,2,1,239.69,107.09,0.5,0.5,0.5,0.5,522,0.553214568818057,522,53.55,107.09,1,0.5,1.6
"392",2,2,2,640.3,640.3,0,1,0,0.5,589,0,589,320.15,320.15,1,1,3.4
"393",2,2,2,241.83,241.83,0,1,1,0,618,0,618,120.92,120.92,1,1,1.6
"394",3,3,2,550.23,290.22,0.333333333333333,0.67,0,0,143,0.472547843629028,72,96.74,145.11,1,0.67,3.5
"395",4,5,4,887.4,722.31,0.2,1,0.4,0,374,0.186037863421231,125,180.58,180.58,1.25,1,3.5
"396",4,4,4,1235.29,1235.29,0,0.25,0.75,0.25,332,0,111,308.82,308.82,1,1,3.6
"397",4,4,4,662.29,662.29,0,1,0.25,0,368,0,123,165.57,165.57,1,1,3.7
"398",3,3,1,263.04,97.59,0.666666666666667,1,1,0,122,0.628991788321168,61,32.53,97.59,1,0.33,2.2
"399",2,2,1,906.19,287.23,0.5,0.5,0.5,0.5,585,0.683035566492678,585,143.62,287.23,1,0.5,2.2
"400",22,29,18,6783.43,3898.67,0.379310344827586,0.69,0.07,0.31,754,0.425265684174525,36,177.21,216.59,1.32,0.82,4.2
"401",2,2,2,1156.22,1156.22,0,0,1,0,799,0,799,578.11,578.11,1,1,3.2
"402",9,19,9,2462.43,1108.74,0.526315789473684,0.68,0.79,0.21,819,0.549737454465711,102,123.19,123.19,2.11,1,2.6
"403",8,12,8,2785.4,1990.38,0.333333333333333,1,0.33,0.33,778,0.285423996553457,111,248.8,248.8,1.5,1,3.5
"404",9,15,13,7418.55,6839.81,0.133333333333333,0.4,0.27,0.27,806,0.0780125496222307,101,759.98,526.14,1.67,1.44,4.3
"405",2,2,1,324.59,207.84,0.5,1,0.5,0.5,140,0.359684525093194,140,103.92,207.84,1,0.5,2.3
"406",21,24,1,7000.85,9.99,0.958333333333333,0.96,0.46,0,505,0.998573030417735,25,0.48,9.99,1.14,0.05,2.7
"407",4,6,6,2995.09,2995.09,0,0.5,0,0,295,0,98,748.77,499.18,1.5,1.5,4.1
"408",3,4,3,706.19,455.82,0.25,1,0,0.75,213,0.354536314589558,106,151.94,151.94,1.33,1,3.2
"409",4,9,7,1805.83,1682.91,0.222222222222222,0.89,0.11,0.89,541,0.068068422830499,180,420.73,240.42,2.25,1.75,3.4
"410",3,3,3,522.12,522.12,0,1,0.33,1,196,0,98,174.04,174.04,1,1,2.9
"411",16,24,13,4278.61,2795.89,0.458333333333333,1,0.25,0.12,784,0.346542451871052,52,174.74,215.07,1.5,0.81,3.8
"412",6,7,2,1439.8,633.11,0.714285714285714,0.86,0.43,0.43,662,0.560279205445201,132,105.52,316.56,1.17,0.33,1.7
"413",2,2,1,476.34,241.98,0.5,1,0.5,0.5,402,0.492001511525381,402,120.99,241.98,1,0.5,2
"414",5,5,5,487.03,487.03,0,1,0.6,0.8,560,0,140,97.41,97.41,1,1,3
"415",3,4,3,752.49,619.08,0.25,1,1,0,605,0.177291392576646,302,206.36,206.36,1.33,1,1.9
"416",2,3,3,533.1,533.1,0,0.33,1,0,142,0,142,266.55,177.7,1.5,1.5,2.9
"417",3,3,1,497.88,173.47,0.666666666666667,1,0.33,0.67,197,0.65158271069334,98,57.82,173.47,1,0.33,2.4
"418",2,2,2,501.72,501.72,0,1,0,0.5,719,0,719,250.86,250.86,1,1,2.6
"419",2,3,2,1495.4,1389.52,0.333333333333333,0.33,0.33,0,634,0.0708037983148322,634,694.76,694.76,1.5,1,3.3
"420",2,2,1,304.38,165.87,0.5,1,0.5,0,309,0.455056179775281,309,82.94,165.87,1,0.5,2.2
"421",2,2,1,357.84,197.4,0.5,0,0,0.5,29,0.448356807511737,29,98.7,197.4,1,0.5,3.4
"422",2,5,2,1470.08,629.11,0.6,0,0,0,-14,0.572057303003918,-14,314.56,314.56,2.5,1,3.4
"423",6,10,7,1911.25,1387.01,0.3,1,0.2,0,626,0.274291693917593,125,231.17,198.14,1.67,1.17,3.3
"424",13,17,5,9149.79,1764.15,0.705882352941176,0.53,0.24,0.29,634,0.807192296216634,53,135.7,352.83,1.31,0.38,2.6
"425",2,2,1,298.22,134.83,0.5,1,0.5,0,17,0.547884112400241,17,67.42,134.83,1,0.5,2.7
"426",7,8,7,1027.89,916.14,0.125,1,0.25,0.5,372,0.108717858914865,62,130.88,130.88,1.14,1,3.5
"427",5,7,1,3585,449.94,0.857142857142857,0,0.14,0.57,532,0.874493723849372,133,89.99,449.94,1.4,0.2,2.6
"428",45,52,11,40402.14,5978.16,0.788461538461538,0.21,0.25,0.04,768,0.852033580399454,17,132.85,543.47,1.16,0.24,4.3
"429",2,2,1,483.44,228.33,0.5,1,0,1,276,0.527697335760384,276,114.17,228.33,1,0.5,2.2
"430",2,2,2,481.37,481.37,0,0.5,0.5,0.5,777,0,777,240.69,240.69,1,1,2.7
"431",3,3,3,541.54,541.54,0,1,0.33,0.33,534,0,267,180.51,180.51,1,1,3.4
"432",4,5,1,4253.17,1650.89,0.8,0.4,0.2,0.2,709,0.611844812222413,236,412.72,1650.89,1.25,0.25,2.3
"433",5,5,3,874.82,473.27,0.4,1,0.6,0.2,722,0.459008710363275,180,94.65,157.76,1,0.6,3
"434",5,5,1,880.62,154.8,0.8,0.8,0.2,0,777,0.824214757784288,194,30.96,154.8,1,0.2,2.6
"435",2,2,1,459.77,177.31,0.5,1,0,1,301,0.614350653587663,301,88.66,177.31,1,0.5,2.6
"436",2,2,2,325.64,325.64,0,1,1,0,60,0,60,162.82,162.82,1,1,3.2
"437",2,2,2,453.91,453.91,0,1,1,0,20,0,20,226.96,226.96,1,1,3
"438",6,6,2,3374.38,1034.72,0.666666666666667,0.67,0.5,0,762,0.693359965386234,152,172.45,517.36,1,0.33,2.6
"439",13,16,7,6368.98,3344.64,0.5625,0.56,0.5,0.25,604,0.474854686307698,50,257.28,477.81,1.23,0.54,3.5
"440",3,3,3,1031.88,1031.88,0,1,0.33,0,203,0,102,343.96,343.96,1,1,3.6
"441",6,9,1,5431.85,9.99,0.888888888888889,0.33,0.11,0,386,0.998160847593361,77,1.66,9.99,1.5,0.17,2.6
"442",2,2,1,398.29,149.55,0.5,1,1,0,359,0.624519822240076,359,74.78,149.55,1,0.5,2.1
"443",2,2,1,316.41,197.18,0.5,1,0,0.5,550,0.376821212983155,550,98.59,197.18,1,0.5,2.5
"444",6,8,7,2733.92,2376.1,0.125,0.12,0.38,0.12,414,0.130881664423246,83,396.02,339.44,1.33,1.17,3.9
"445",2,2,1,1063.64,505.21,0.5,0,1,0,20,0.525017863186793,20,252.6,505.21,1,0.5,2.8
"446",5,6,4,1975.68,887.7,0.333333333333333,0.67,0.33,0,614,0.550686345966958,154,177.54,221.93,1.2,0.8,2.6
"447",2,3,3,771.52,771.52,0,0.67,0.67,0,645,0,645,385.76,257.17,1.5,1.5,3.1
"448",8,11,6,1780.22,931.04,0.454545454545455,1,0.36,0.73,688,0.477008459628585,98,116.38,155.17,1.38,0.75,2.7
"449",2,2,2,1591.54,1591.54,0,0,0,0.5,286,0,286,795.77,795.77,1,1,4.4
"450",2,2,1,524.6,268.74,0.5,1,0,0,232,0.487723980175372,232,134.37,268.74,1,0.5,2.9
"451",2,3,1,416.9,146.69,0.666666666666667,1,0.67,0,476,0.648141041017031,476,73.34,146.69,1.5,0.5,1.7
"452",5,7,3,1362.87,630.93,0.571428571428571,1,0.43,0.71,223,0.537057826498492,56,126.19,210.31,1.4,0.6,2.3
"453",2,2,1,908.23,9.99,0.5,0,0,1,144,0.989000583552624,144,5,9.99,1,0.5,2.6
"454",2,3,1,652.82,245.01,0.666666666666667,1,0.67,0,727,0.624689807297571,727,122.5,245.01,1.5,0.5,1.3
"455",7,13,5,2472.33,870.98,0.615384615384615,0.92,0.69,0,725,0.647708841457249,121,124.43,174.2,1.86,0.71,2.2
"456",4,7,1,1191.11,146.49,0.857142857142857,1,1,0,672,0.877013877811453,224,36.62,146.49,1.75,0.25,1.5
"457",7,13,2,5892.76,562.21,0.846153846153846,0.85,0.08,0,741,0.904593093898275,124,80.32,281.11,1.86,0.29,2.5
"458",3,4,4,620.73,620.73,0,1,0,0.75,679,0,340,206.91,155.18,1.33,1.33,3.2
"459",36,60,24,11177.84,4726.33,0.6,0.85,0.38,0.02,757,0.577169649950259,22,131.29,196.93,1.67,0.67,4.1
"460",10,12,1,2689.71,196.12,0.916666666666667,1,0.58,0.33,707,0.92708507608627,79,19.61,196.12,1.2,0.1,1.6
"461",8,23,4,6573.91,873.12,0.826086956521739,0.83,0.26,0.39,2208,0.867184065495268,315,109.14,218.28,2.88,0.5,1.7
"462",2,4,2,1978.74,611.96,0.5,0,0.25,0.25,450,0.690732486329685,450,305.98,305.98,2,1,2.8
"463",5,9,4,1993.5,902.03,0.555555555555556,0.78,0.33,0.33,728,0.547514421871081,182,180.41,225.51,1.8,0.8,2.6
"464",15,16,9,5835.95,2237.16,0.4375,0.88,0.56,0.31,734,0.616658813046719,52,149.14,248.57,1.07,0.6,3.4
"465",2,4,1,898.45,362.56,0.75,0.75,0,0.25,397,0.59646057098336,397,181.28,362.56,2,0.5,2.5
"466",4,6,4,1162.22,859.98,0.333333333333333,1,0.17,0.33,696,0.260054034520143,232,215,215,1.5,1,3
"467",2,2,1,1266.5,1120.26,0.5,0,1,0,138,0.115467824713778,138,560.13,1120.26,1,0.5,3.1
"468",8,13,5,8488.51,2539.13,0.615384615384615,0.38,0.15,0,463,0.700874476203715,66,317.39,507.83,1.62,0.62,3
"469",2,2,2,705.87,705.87,0,0,0.5,0,720,0,720,352.94,352.94,1,1,3.4
"470",8,12,9,1627.88,1409.22,0.25,0.83,0.58,0.17,726,0.134321940192152,104,176.15,156.58,1.5,1.12,3.6
"471",42,55,10,29442.46,4805.55,0.818181818181818,0.24,0.31,0.35,623,0.83678164120797,15,114.42,480.56,1.31,0.24,3.9
"472",5,7,7,2310.04,2310.04,0,0.43,0.29,0.57,119,0,30,462.01,330.01,1.4,1.4,4.1
"473",3,3,1,842.79,283.51,0.666666666666667,1,1,0,1816,0.663605405854365,908,94.5,283.51,1,0.33,1.4
"474",3,3,2,530.59,299.72,0.333333333333333,1,0.67,0.33,216,0.435119395390038,108,99.91,149.86,1,0.67,3
"475",2,2,1,473.14,322.53,0.5,1,0.5,0,339,0.318320158938158,339,161.26,322.53,1,0.5,2.6
"476",2,2,1,340.57,216.77,0.5,0,0.5,0,25,0.363508236192266,25,108.39,216.77,1,0.5,3
"477",79,127,12,44252.9,4016.01,0.905511811023622,0.51,0.11,0.18,587,0.909248659409892,8,50.84,334.67,1.61,0.15,4.8
"478",2,2,2,352.57,352.57,0,1,1,0.5,377,0,377,176.28,176.28,1,1,2.3
"479",13,15,9,5150.91,2086.4,0.4,0.53,0.87,0.2,677,0.594945359169545,56,160.49,231.82,1.15,0.69,3.5
"480",7,7,1,2537.49,146.97,0.857142857142857,0,0.57,0,1620,0.942080559923389,270,21,146.97,1,0.14,2.7
"481",4,5,4,1031.85,844.89,0.2,0.8,0.2,0.4,539,0.181189126326501,180,211.22,211.22,1.25,1,3.1
"482",6,6,6,991.11,991.11,0,1,0.67,0,698,0,140,165.19,165.19,1,1,3.5
"483",2,4,4,1075.67,1075.67,0,1,0,0,341,0,341,537.84,268.92,2,2,4
"484",5,6,5,1997.71,1517.4,0.166666666666667,0,1,0,567,0.240430292685124,142,303.48,303.48,1.2,1,3.5
"485",3,3,3,710.66,710.66,0,1,1,0.33,503,0,252,236.89,236.89,1,1,2.3
"486",13,14,8,8278.27,3670.18,0.428571428571429,0.86,0.21,0.71,604,0.556648913359917,50,282.32,458.77,1.08,0.62,3.7
"487",6,6,3,1710.39,789.78,0.5,0.5,0.67,0,665,0.538245663269781,133,131.63,263.26,1,0.5,2.1
"488",3,3,3,754.11,754.11,0,1,0.67,0.33,317,0,158,251.37,251.37,1,1,3.4
"489",3,5,5,1295.5,1295.5,0,0.2,0.6,0.8,410,0,205,431.83,259.1,1.67,1.67,3.7
"490",11,12,12,1690.64,1690.64,0,1,0.5,0.25,684,0,68,153.69,140.89,1.09,1.09,4
"491",2,2,1,824.2,425.08,0.5,1,0,0.5,466,0.484251395292405,466,212.54,425.08,1,0.5,2.7
"492",7,11,3,4852.47,1056.62,0.727272727272727,0.36,0.18,0,111,0.782251100985684,18,150.95,352.21,1.57,0.43,2.8
"493",4,6,4,1081.28,830.51,0.333333333333333,1,0.17,0.33,690,0.231919576797869,230,207.63,207.63,1.5,1,3.2
"494",2,2,2,274.3,274.3,0,1,0.5,0,508,0,508,137.15,137.15,1,1,2.8
"495",2,3,1,565.43,239.2,0.666666666666667,1,1,0,529,0.576959128450913,529,119.6,239.2,1.5,0.5,1.7
"496",9,9,2,2052.55,720.45,0.777777777777778,0.78,0.44,0.44,615,0.648997588365692,77,80.05,360.23,1,0.22,1.9
"497",5,6,4,1030.89,613.54,0.333333333333333,1,0.83,0.17,517,0.404844357787931,129,122.71,153.38,1.2,0.8,2.5
"498",30,41,39,25134.02,23433.31,0.0487804878048781,0.1,0.71,0.15,632,0.0676656579409103,22,781.11,600.85,1.37,1.3,5
"499",4,7,2,1273.96,280.03,0.714285714285714,0.71,0.29,0,272,0.780189330905209,91,70.01,140.01,1.75,0.5,2.9
"500",2,3,1,810.86,311.7,0.666666666666667,1,0,0,39,0.615593320671879,39,155.85,311.7,1.5,0.5,3
"501",3,4,4,1073.82,1073.82,0,1,0,0.5,-10,0,-5,357.94,268.45,1.33,1.33,3.9
"502",3,4,4,835.96,835.96,0,1,0,0.75,326,0,163,278.65,208.99,1.33,1.33,3
"503",12,28,4,5646.23,908.95,0.857142857142857,1,0.11,0.61,492,0.839016476480767,45,75.75,227.24,2.33,0.33,2.5
"504",4,6,1,1067.57,267.25,0.833333333333333,1,0,0.83,453,0.749665127345279,151,66.81,267.25,1.5,0.25,2.4
"505",8,11,5,2592.56,970.88,0.545454545454545,0.91,0.45,0,644,0.625513006449224,92,121.36,194.18,1.38,0.62,3
"506",2,4,1,1188.27,151.9,0.75,1,0,0.5,72,0.872167100069849,72,75.95,151.9,2,0.5,2.1
"507",2,4,1,749.68,134.19,0.75,1,0,1,29,0.821003628214705,29,67.09,134.19,2,0.5,2.2
"508",3,5,2,1010.97,379.52,0.6,1,0.2,0,565,0.624598158204497,282,126.51,189.76,1.67,0.67,2.6
"509",3,5,4,2003.56,1438.7,0.2,0,0.8,0.2,368,0.281928167861207,184,479.57,359.68,1.67,1.33,3.3
"510",26,38,16,9023.9,3429.89,0.578947368421053,0.76,0.39,0.03,604,0.619910460000665,24,131.92,214.37,1.46,0.62,3.7
"511",2,2,1,387.18,171.57,0.5,1,1,0,13,0.556872772353944,13,85.78,171.57,1,0.5,2.3
"512",27,55,46,10352.55,8917.78,0.163636363636364,0.93,0.47,0.09,640,0.138590975170369,25,330.29,193.86,2.04,1.7,4.8
"513",14,25,16,6778.37,3936.95,0.36,0.48,0.44,0.24,551,0.419189274117524,42,281.21,246.06,1.79,1.14,3.3
"514",13,15,3,3402.18,584.93,0.8,1,0.47,0.27,574,0.828072000893545,48,44.99,194.98,1.15,0.23,2.6
"515",7,14,14,4066.82,4066.82,0,0.43,0.5,0.07,249,0,42,580.97,290.49,2,2,4.1
"516",5,6,4,785.31,509.12,0.333333333333333,1,0.83,0.33,664,0.351695508779972,166,101.82,127.28,1.2,0.8,2.7
"517",2,2,1,240.09,112.89,0.5,1,0.5,0.5,495,0.529801324503311,495,56.45,112.89,1,0.5,2.2
"518",3,4,4,693.09,693.09,0,0.75,0,1,673,0,336,231.03,173.27,1.33,1.33,3.3
"519",3,3,2,819.5,578.9,0.333333333333333,1,0.67,0,-4,0.29359365466748,-2,192.97,289.45,1,0.67,3.2
"520",2,2,1,349.38,114.12,0.5,1,0.5,0,38,0.673364245234415,38,57.06,114.12,1,0.5,2.3
"521",27,32,19,5888.67,3354.41,0.40625,0.91,0.41,0.12,571,0.43036203421146,22,124.24,176.55,1.19,0.7,3.6
"522",11,11,11,3212.98,3212.98,0,1,0.82,0,853,0,85,292.09,292.09,1,1,3.9
"523",3,3,3,884.7,884.7,0,0.33,0.33,1,421,0,210,294.9,294.9,1,1,3.4
"524",3,3,3,680.8,680.8,0,1,0.67,0,467,0,234,226.93,226.93,1,1,2.7
"525",2,2,2,375.27,375.27,0,1,0,1,221,0,221,187.63,187.63,1,1,3.5
"526",3,3,2,185.54,101.48,0.333333333333333,1,0,1,48,0.453055944809745,24,33.83,50.74,1,0.67,2.8
"527",3,7,1,1069.2,155.81,0.857142857142857,1,0.14,0.86,156,0.854274223718668,78,51.94,155.81,2.33,0.33,1.7
"528",2,2,2,340.88,340.88,0,1,0.5,1,643,0,643,170.44,170.44,1,1,2.6
"529",8,11,6,3583.31,2386.29,0.454545454545455,0.27,0.36,0.18,580,0.334054268260351,83,298.29,397.71,1.38,0.75,3.5
"530",2,4,1,739.41,9.99,0.75,1,0,0,11,0.986489227897919,11,5,9.99,2,0.5,2.1
"531",2,2,1,307.86,158.11,0.5,1,0,0,14,0.486422399792113,14,79.06,158.11,1,0.5,3
"532",65,84,56,36100.3,23871.05,0.333333333333333,0.55,0.36,0.11,658,0.338757572651751,10,367.25,426.27,1.29,0.86,5
"533",2,2,1,430.24,9.99,0.5,1,0.5,0.5,208,0.976780401636296,208,5,9.99,1,0.5,2.3
"534",3,6,1,984.61,175.1,0.833333333333333,1,0.17,1,535,0.822163089954398,268,58.37,175.1,2,0.33,1.6
"535",3,3,1,743.66,273.55,0.666666666666667,1,0.33,0,241,0.632157168598553,120,91.18,273.55,1,0.33,1.8
"536",37,48,21,29603.99,14954.83,0.5625,0.31,0.17,0.1,631,0.494837351316495,18,404.18,712.13,1.3,0.57,4.7
"537",2,3,3,2018.05,2018.05,0,0.33,0,1,147,0,147,1009.02,672.68,1.5,1.5,4.7
"538",4,4,2,1584.78,1016.2,0.5,0.75,0,0,550,0.358775350521839,183,254.05,508.1,1,0.5,3
"539",5,7,4,1120.22,598.22,0.428571428571429,1,0.71,0,538,0.465979896805985,134,119.64,149.56,1.4,0.8,2.4
"540",5,5,5,1401.22,1401.22,0,1,0.8,0,468,0,117,280.24,280.24,1,1,3.6
"541",8,11,11,6748.22,6748.22,0,0,0.55,0,1450,0,207,843.53,613.47,1.38,1.38,4.3
"542",5,5,3,979.3,631.04,0.4,1,0.6,0.6,523,0.355621362197488,131,126.21,210.35,1,0.6,2.6
"543",3,3,1,738,9.99,0.666666666666667,0.67,0.33,1,1539,0.986463414634146,770,3.33,9.99,1,0.33,1.4
"544",2,2,1,257.78,156.79,0.5,1,1,1,388,0.39176817441229,388,78.39,156.79,1,0.5,1.8
"545",9,11,5,2615.3,1071.99,0.545454545454545,0.64,0.09,0.09,56,0.590108209383245,7,119.11,214.4,1.22,0.56,2.9
"546",2,2,2,499.55,499.55,0,1,0,0,331,0,331,249.78,249.78,1,1,3.8
"547",6,7,3,3893.8,1534.71,0.571428571428571,0.14,0.29,0.57,505,0.605858030715496,101,255.78,511.57,1.17,0.5,3.2
"548",10,13,10,2723.91,1993.64,0.230769230769231,0.92,0.31,0.54,368,0.268096229317415,41,199.36,199.36,1.3,1,3.5
"549",5,8,6,1324.87,1047.54,0.25,1,0.25,0.12,614,0.209326198042072,154,209.51,174.59,1.6,1.2,3.2
"550",4,4,2,1772.35,1123.01,0.5,0,0.25,0,304,0.366372330521624,101,280.75,561.5,1,0.5,3.2
"551",4,5,4,720.33,605.08,0.2,1,1,0.2,528,0.159996112892702,176,151.27,151.27,1.25,1,2.6
"552",4,4,3,699.92,362.65,0.25,1,0,1,471,0.481869356497885,157,90.66,120.88,1,0.75,2.8
"553",8,9,4,1625.2,1002.87,0.555555555555556,0.89,0.56,0.44,599,0.382925178439577,86,125.36,250.72,1.12,0.5,2.5
"554",4,5,5,1765.96,1765.96,0,0.2,0.4,0,1413,0,471,441.49,353.19,1.25,1.25,3.9
"555",9,9,2,2333.35,568.13,0.777777777777778,0.78,0,0.11,538,0.756517453446761,67,63.13,284.06,1,0.22,3.1
"556",2,2,2,397.68,397.68,0,1,0.5,0.5,359,0,359,198.84,198.84,1,1,3
"557",13,17,9,5109.61,2738.31,0.470588235294118,0.65,0.24,0,538,0.464086300128581,45,210.64,304.26,1.31,0.69,3.7
"558",4,7,4,5678.57,3799.9,0.428571428571429,0.57,0,0.29,109,0.330835051782403,36,949.98,949.98,1.75,1,4.6
"559",6,7,2,3609.22,623.18,0.714285714285714,0.57,0.43,0.43,477,0.827336654457196,95,103.86,311.59,1.17,0.33,2.4
"560",6,7,6,6469.93,5349.27,0.142857142857143,0,0.86,0.14,499,0.173210529325665,100,891.55,891.55,1.17,1,4.3
"561",13,18,3,6962.89,873.8,0.833333333333333,0.39,0.28,0.11,567,0.874506131792977,47,67.22,291.27,1.38,0.23,2.5
"562",2,2,1,286.05,181.57,0.5,1,1,0,55,0.365250830274428,55,90.78,181.57,1,0.5,2.3
"563",2,2,1,584.88,327.16,0.5,0,0,1,-2,0.440637395705102,-2,163.58,327.16,1,0.5,2.6
"564",2,2,1,338.77,147.74,0.5,1,0,0.5,77,0.563892906691856,77,73.87,147.74,1,0.5,2.2
"565",3,4,2,780.22,292.97,0.5,0.25,0.5,0,399,0.624503345210325,200,97.66,146.49,1.33,0.67,2.8
"566",5,9,4,3922.78,1065.85,0.555555555555556,0.78,0.11,0.89,383,0.72829218054543,96,213.17,266.46,1.8,0.8,2.8
"567",6,10,7,2010.41,1534.74,0.3,0.8,0.4,0,470,0.236603478892365,94,255.79,219.25,1.67,1.17,3.4
"568",12,17,12,5004.08,2714.5,0.294117647058823,0.35,0.29,0.47,548,0.457542645201516,50,226.21,226.21,1.42,1,4
"569",4,4,1,5244.96,9.99,0.75,0.25,0.25,0,340,0.998095314358927,113,2.5,9.99,1,0.25,2.5
"570",2,2,1,491.84,248.94,0.5,1,1,0,19,0.493859791802212,19,124.47,248.94,1,0.5,2.6
"571",3,4,3,596.59,336.04,0.25,1,0,1,487,0.436732094067953,244,112.01,112.01,1.33,1,2.9
"572",6,8,5,1548.12,1003.17,0.375,0.75,0.25,0.5,492,0.352007596310363,98,167.19,200.63,1.33,0.83,2.6
"573",3,5,2,1572.2,1150.2,0.6,0.8,0.2,0.6,378,0.268413687825976,189,383.4,575.1,1.67,0.67,2.8
"574",3,5,1,960.81,9.99,0.8,0.4,0.4,0.6,31,0.989602522871327,16,3.33,9.99,1.67,0.33,2.1
"575",2,3,1,634.76,326.62,0.666666666666667,1,0,0,-16,0.485443317159241,-16,163.31,326.62,1.5,0.5,2.8
"576",2,2,1,620.89,340.65,0.5,1,1,0,3,0.451352091352736,3,170.32,340.65,1,0.5,2.2
"577",4,5,4,1067.8,817.07,0.2,1,0,0,352,0.234809889492414,117,204.27,204.27,1.25,1,3.8
"578",29,34,11,19415.21,4669.51,0.676470588235294,0.15,0.35,0,2432,0.759492171344013,87,161.02,424.5,1.17,0.38,3.8
"579",4,4,2,616.22,292.31,0.5,1,1,0,563,0.525640193437409,188,73.08,146.16,1,0.5,2.6
"580",3,3,1,719.46,268.16,0.666666666666667,1,1,0,16,0.627276012564979,8,89.39,268.16,1,0.33,2.1
"581",3,3,2,1373.04,669.84,0.333333333333333,0.67,0,0,444,0.512148225834644,222,223.28,334.92,1,0.67,3.3
"582",2,2,2,533.77,533.77,0,1,0.5,0.5,295,0,295,266.88,266.88,1,1,2.9
"583",2,3,3,289.9,289.9,0,1,0.67,1,472,0,472,144.95,96.63,1.5,1.5,2.1
"584",2,2,1,404.24,162.33,0.5,0,0,0,172,0.59843162477736,172,81.17,162.33,1,0.5,2.8
"585",2,2,1,554.58,9.99,0.5,1,0.5,0,271,0.981986368062317,271,5,9.99,1,0.5,2.2
"586",2,3,3,436.67,436.67,0,1,0.67,0,90,0,90,218.34,145.56,1.5,1.5,3.4
"587",5,6,3,988.73,549.89,0.5,1,0.67,0.33,507,0.443842100472323,127,109.98,183.3,1.2,0.6,2.6
"588",3,3,2,718.52,369.03,0.333333333333333,1,0,1,359,0.486402605355453,180,123.01,184.51,1,0.67,2.4
"589",3,4,2,870.38,415.76,0.5,1,0,0.25,321,0.522323582802914,160,138.59,207.88,1.33,0.67,3
"590",3,5,2,2551.84,1582.38,0.6,0.4,0.2,0,481,0.379906263715593,240,527.46,791.19,1.67,0.67,3.3
"591",2,2,1,362.47,9.99,0.5,1,1,0,7,0.972439098408144,7,5,9.99,1,0.5,2.2
"592",5,13,6,2714.1,1286.36,0.538461538461538,0.85,0.54,0.08,415,0.526045466268745,104,257.27,214.39,2.6,1.2,2.9
"593",2,2,1,454.18,307.18,0.5,1,0,0.5,351,0.323660222819147,351,153.59,307.18,1,0.5,2.6
"594",2,2,1,1864.98,1704.31,0.5,0,0.5,0.5,220,0.0861510579201922,220,852.15,1704.31,1,0.5,3.4
"595",2,2,2,724.73,724.73,0,0.5,0,0.5,457,0,457,362.37,362.37,1,1,3.4
"596",2,2,1,453.32,276.82,0.5,1,0.5,0.5,411,0.389349686755493,411,138.41,276.82,1,0.5,2
"597",16,23,11,12908.95,6631.66,0.521739130434783,0.17,0.3,0.39,2429,0.486274251585141,162,414.48,602.88,1.44,0.69,3.9
"598",12,19,1,3759.13,129.51,0.947368421052632,0.42,0.53,0.42,347,0.965547879429549,32,10.79,129.51,1.58,0.08,2.3
"599",2,2,1,535.28,182.28,0.5,0.5,1,0,251,0.659467942011657,251,91.14,182.28,1,0.5,2.1
"600",5,8,4,1641.05,932.13,0.5,0.62,0.88,0,467,0.431991712623016,117,186.43,233.03,1.6,0.8,2.6
"601",12,13,11,6957.72,5502.65,0.153846153846154,0.38,0,0.46,2219,0.209130289807581,202,458.55,500.24,1.08,0.92,4.1
"602",11,17,9,2288.01,1252.76,0.470588235294118,1,0.65,0.18,547,0.452467428026975,55,113.89,139.2,1.55,0.82,3.1
"603",2,3,3,1746.49,1746.49,0,0,0.33,0,-4,0,-4,873.25,582.16,1.5,1.5,4.5
"604",3,7,2,1561.05,452.55,0.714285714285714,0.86,0.29,0.86,400,0.710098971845873,200,150.85,226.28,2.33,0.67,1.7
"605",7,14,3,2719.84,646.29,0.785714285714286,1,0.36,0.14,540,0.762379404670863,90,92.33,215.43,2,0.43,1.9
"606",36,43,14,5726.71,1535.38,0.674418604651163,1,0.51,0.4,490,0.731891435047348,14,42.65,109.67,1.19,0.39,3.4
"607",2,2,1,229.09,131.83,0.5,1,1,0,216,0.424549303767078,216,65.92,131.83,1,0.5,2
"608",3,6,4,1686.03,1127.67,0.333333333333333,0.83,0.83,0,23,0.331168484546538,12,375.89,281.92,2,1.33,3.2
"609",22,32,1,18308.3,9.99,0.96875,0.25,0.41,0.25,545,0.999454345843142,26,0.45,9.99,1.45,0.05,2.1
"610",7,10,7,1514.13,959.14,0.3,1,1,0.1,540,0.366540521619676,90,137.02,137.02,1.43,1,3
"611",2,2,1,421.35,259.28,0.5,1,0.5,0.5,15,0.384644594754954,15,129.64,259.28,1,0.5,2.8
"612",8,8,3,1280.49,378.12,0.625,1,1,0,350,0.704706791931214,50,47.27,126.04,1,0.38,2.6
"613",3,3,2,660.66,408,0.333333333333333,1,0.33,0.33,205,0.38243574607211,102,136,204,1,0.67,3
"614",2,3,3,2317.08,2317.08,0,0,0,0,240,0,240,1158.54,772.36,1.5,1.5,5
"615",2,2,1,1622.19,9.99,0.5,0,0,0,23,0.993841658498696,23,5,9.99,1,0.5,2.6
"616",2,3,3,483.68,483.68,0,1,0.67,0,0,0,0,241.84,161.23,1.5,1.5,3.5
"617",2,2,1,583.2,265.93,0.5,1,1,0,-11,0.544015775034294,-11,132.97,265.93,1,0.5,2.2
"618",2,3,3,449.95,449.95,0,1,0.33,0,32,0,32,224.97,149.98,1.5,1.5,2.9
"619",3,4,1,864.3,9.99,0.75,1,1,0,131,0.988441513363415,66,3.33,9.99,1.33,0.33,1.9
"620",2,2,1,436.63,114.53,0.5,1,0.5,0.5,353,0.737695531685867,353,57.27,114.53,1,0.5,2.4
"621",3,3,2,461.65,321.3,0.333333333333333,1,0.67,0.67,333,0.304018195602729,166,107.1,160.65,1,0.67,2.7
"622",2,3,3,404.02,404.02,0,0.67,1,0,333,0,333,202.01,134.67,1.5,1.5,3
"623",2,2,1,797.96,9.99,0.5,0.5,0.5,0.5,39,0.987480575467442,39,5,9.99,1,0.5,2.5
"624",4,5,2,668.34,322.03,0.6,1,0.6,0.4,445,0.518164407337583,148,80.51,161.01,1.25,0.5,2.3
"625",9,13,3,5812.99,1488.25,0.769230769230769,0,0.23,0.23,432,0.743978572128973,54,165.36,496.08,1.44,0.33,3
"626",2,2,2,265.22,265.22,0,0.5,1,0,428,0,428,132.61,132.61,1,1,2.9
"627",10,32,2,5587.65,347.35,0.9375,0.97,0.38,0.09,500,0.93783612073054,56,34.73,173.68,3.2,0.2,1.6
"628",2,2,1,496.74,136.03,0.5,1,1,0,192,0.726154527519427,192,68.02,136.03,1,0.5,1.5
"629",37,44,12,12098.72,2711.45,0.727272727272727,0.64,0.34,0.02,543,0.77588951558512,15,73.28,225.95,1.19,0.32,3
"630",20,27,8,12422.14,3004.22,0.703703703703704,0.19,0.19,0.11,486,0.758156002105917,26,150.21,375.53,1.35,0.4,3.8
"631",5,7,4,2256.33,956.02,0.428571428571429,0.43,0.14,0.71,542,0.576294247738584,136,191.2,239,1.4,0.8,2.9
"632",4,4,1,1001.73,139.61,0.75,1,0.25,0,365,0.860631108182844,122,34.9,139.61,1,0.25,2.3
"633",3,4,3,838.82,664.67,0.25,0.5,0.5,0,12,0.207613075510837,6,221.56,221.56,1.33,1,3.6
"634",3,3,3,836.42,836.42,0,1,0.33,0,44,0,22,278.81,278.81,1,1,3.7
"635",4,4,1,1345.48,372.69,0.75,1,0,0.25,44,0.72300591610429,15,93.17,372.69,1,0.25,2.5
"636",9,9,1,2944.12,156.94,0.888888888888889,0.67,0.22,0.33,386,0.946693748896105,48,17.44,156.94,1,0.11,2.3
"637",4,8,7,2309.21,2081.18,0.125,0.75,0.25,0.25,382,0.0987480566947139,127,520.29,297.31,2,1.75,3.9
"638",2,2,2,1133.21,1133.21,0,0,1,1,138,0,138,566.61,566.61,1,1,3.2
"639",2,2,1,386.36,208.33,0.5,1,0.5,1,-4,0.460787866238741,-4,104.17,208.33,1,0.5,2.4
"640",6,8,8,5682.43,5682.43,0,0,0.38,0.12,376,0,75,947.07,710.3,1.33,1.33,4.8
"641",2,2,2,692.62,692.62,0,0.5,0,1,229,0,229,346.31,346.31,1,1,2.7
"642",6,8,5,1746.88,1095.45,0.375,0.88,0.5,0,424,0.372910560542224,85,182.58,219.09,1.33,0.83,3
"643",4,9,3,1730.71,711.35,0.666666666666667,1,0.22,0.33,288,0.588983711887029,96,177.84,237.12,2.25,0.75,2.3
"644",3,4,1,866.2,239.33,0.75,0.25,0.75,0.25,399,0.723701223735858,200,79.78,239.33,1.33,0.33,2.1
"645",2,2,2,255.41,255.41,0,1,0.5,1,351,0,351,127.7,127.7,1,1,2.3
"646",2,4,1,626.68,9.99,0.75,1,0,0,5,0.984058849811706,5,5,9.99,2,0.5,2.8
"647",19,22,6,12575.99,2182.43,0.727272727272727,0.05,0.82,0,1388,0.826460580836976,77,114.86,363.74,1.16,0.32,3.2
"648",4,4,3,1619.24,1287.27,0.25,0.75,0,0,461,0.205015933400855,154,321.82,429.09,1,0.75,3.4
"649",13,17,8,16845.18,6976.93,0.529411764705882,0.53,0.12,0.06,430,0.585820394914153,36,536.69,872.12,1.31,0.62,3.7
"650",3,3,3,776.92,776.92,0,0.67,0.33,0,345,0,172,258.97,258.97,1,1,3.8
"651",3,3,1,495.71,141.91,0.666666666666667,1,0,0,4,0.713723749773053,2,47.3,141.91,1,0.33,3.2
"652",8,13,5,4741.83,2150.66,0.615384615384615,0.85,0.38,0,402,0.546449366594754,57,268.83,430.13,1.62,0.62,3.2
"653",4,5,3,1114.26,671.43,0.4,0.6,0.4,0,71,0.397420709708686,24,167.86,223.81,1.25,0.75,3.4
"654",3,4,3,1570.09,1353.98,0.25,0,0.5,0.25,457,0.137641791234897,228,451.33,451.33,1.33,1,3.3
"655",2,3,3,774.6,774.6,0,1,0.67,0,-11,0,-11,387.3,258.2,1.5,1.5,3.2
"656",3,3,1,1264.33,196.9,0.666666666666667,0.67,0.67,0.33,149,0.84426534211796,74,65.63,196.9,1,0.33,2.3
"657",3,7,7,1228.85,1228.85,0,1,0.29,0,409,0,204,409.62,175.55,2.33,2.33,3.8
"658",25,32,10,10698.99,2636.09,0.6875,0.59,0.47,0.03,453,0.753613191525555,19,105.44,263.61,1.28,0.4,3.6
"659",3,4,3,678.69,524.28,0.25,1,0,0.25,339,0.227511824249658,170,174.76,174.76,1.33,1,3.2
"660",4,7,5,851.43,694.3,0.285714285714286,1,0.57,0,474,0.184548348073241,158,173.57,138.86,1.75,1.25,3
"661",18,26,12,3515.78,1696.11,0.538461538461538,1,0.46,0.27,432,0.517572203038871,25,94.23,141.34,1.44,0.67,3.5
"662",20,34,11,6636.07,2226.56,0.676470588235294,1,0.5,0.47,452,0.66447611312117,24,111.33,202.41,1.7,0.55,3.2
"663",2,3,1,402.49,170.47,0.666666666666667,1,0.33,0,485,0.57646152699446,485,85.23,170.47,1.5,0.5,2.4
"664",16,32,7,12321.5,2083.35,0.78125,0.53,0.16,0,81,0.830917501927525,5,130.21,297.62,2,0.44,2.9
"665",4,4,4,749.5,749.5,0,1,0.25,1,470,0,157,187.38,187.38,1,1,2.7
"666",3,3,3,2031.08,2031.08,0,0,0.33,0.33,462,0,231,677.03,677.03,1,1,4.4
"667",2,4,3,782.3,594.86,0.25,0.75,0,0.25,26,0.23960117601943,26,297.43,198.29,2,1.5,3.7
"668",5,6,6,1404.52,1404.52,0,1,0.33,0.5,281,0,70,280.9,234.09,1.2,1.2,3.7
"669",8,12,1,9232.86,9.99,0.916666666666667,0.25,0.25,0,319,0.998917995074116,46,1.25,9.99,1.5,0.12,1.8
"670",5,8,3,1972.05,803.87,0.625,0.25,0.5,0,366,0.592368347658528,92,160.77,267.96,1.6,0.6,2.4
"671",4,5,2,1295.22,527.03,0.6,1,0.2,0.6,383,0.593096153549204,128,131.76,263.51,1.25,0.5,2.6
"672",4,6,5,2451.11,2155.28,0.166666666666667,0.67,0.83,0.17,128,0.120692257793408,43,538.82,431.06,1.5,1.25,3.6
"673",5,9,1,1875.45,162.87,0.888888888888889,0.89,0.22,0,305,0.913156842357834,76,32.57,162.87,1.8,0.2,2.4
"674",2,4,1,1312.77,9.99,0.75,0.75,0.5,0.5,209,0.992390136886126,209,5,9.99,2,0.5,1.9
"675",3,5,1,2775.3,9.99,0.8,0.4,0,0,74,0.996400389147119,37,3.33,9.99,1.67,0.33,2.7
"676",2,2,2,277.95,277.95,0,1,0.5,0.5,257,0,257,138.97,138.97,1,1,3.1
"677",2,2,1,207.79,75.59,0.5,1,0,1,13,0.636219259829636,13,37.8,75.59,1,0.5,2.5
"678",2,4,1,327.2,86.32,0.75,1,0.25,1,286,0.736185819070905,286,43.16,86.32,2,0.5,1.9
"679",8,11,3,2442.38,567.79,0.727272727272727,0.82,0.09,0,309,0.767525937814755,44,70.97,189.26,1.38,0.38,3.2
"680",2,3,1,1070.13,137.02,0.666666666666667,0.33,0,0.67,30,0.871959481558315,30,68.51,137.02,1.5,0.5,2.8
"681",3,4,1,827.32,9.99,0.75,0.75,0.75,0.5,403,0.987924865831843,202,3.33,9.99,1.33,0.33,1.8
"682",2,2,2,423.99,423.99,0,0,0,0,42,0,42,212,212,1,1,3.8
"683",5,6,4,1884.86,1640.96,0.333333333333333,0.83,0,0,384,0.12939953099965,96,328.19,410.24,1.2,0.8,3.6
"684",2,2,1,948.52,127.69,0.5,0,0.5,1,257,0.865379749504491,257,63.84,127.69,1,0.5,1.7
"685",2,3,3,1182.8,1182.8,0,0,0.33,0,6,0,6,591.4,394.27,1.5,1.5,4.2
"686",3,3,2,802.75,543.34,0.333333333333333,1,0.33,0.67,68,0.323151666147617,34,181.11,271.67,1,0.67,2.9
"687",8,11,4,4976.06,871.7,0.636363636363636,0.64,0.45,0,353,0.824821244116831,50,108.96,217.93,1.38,0.5,3.1
"688",2,2,1,1626.8,759.6,0.5,0,0,0,2,0.533071059749201,2,379.8,759.6,1,0.5,3.9
"689",5,11,4,2224.53,971.75,0.636363636363636,1,0.09,0,35,0.563166151951199,9,194.35,242.94,2.2,0.8,2.7
"690",5,16,1,3949.25,171.24,0.9375,0.56,0.5,0.06,304,0.95663986832943,76,34.25,171.24,3.2,0.2,1.9
"691",5,5,1,2370.35,457.57,0.8,0.6,0.2,0,32,0.806960997321071,8,91.51,457.57,1,0.2,2.7
"692",5,5,5,1117.43,1117.43,0,1,0.2,0.4,262,0,66,223.49,223.49,1,1,3.6
"693",3,3,3,1131.52,1131.52,0,0.67,0.33,0,228,0,114,377.17,377.17,1,1,4.1
"694",44,74,22,35202.66,11171.76,0.702702702702703,0.2,0.51,0,420,0.682644436528376,10,253.9,507.81,1.68,0.5,4.2
"695",3,5,2,1707.2,208.82,0.6,0.6,0.2,0.4,249,0.877682755388941,124,69.61,104.41,1.67,0.67,2.4
"696",3,3,1,1599.03,896.64,0.666666666666667,0.33,0,0.33,365,0.439260051406165,182,298.88,896.64,1,0.33,3.1
"697",6,7,3,898.33,423.33,0.571428571428571,1,0.43,0.14,419,0.528758919328087,84,70.55,141.11,1.17,0.5,2.4
"698",4,5,1,2432.9,547.8,0.8,0,0.4,0.2,339,0.774836614739611,113,136.95,547.8,1.25,0.25,2.5
"699",3,3,3,602.01,602.01,0,1,0.67,0.33,322,0,161,200.67,200.67,1,1,2.8
"700",4,4,3,880.2,714.92,0.25,0.25,0.25,0,125,0.187775505566917,42,178.73,238.31,1,0.75,3.2
"701",9,13,4,7232.11,2288.61,0.692307692307692,0.77,0.62,0.08,400,0.683548784517935,50,254.29,572.15,1.44,0.44,2.7
"702",3,4,1,1025.29,313.57,0.75,1,0,0,5,0.694164577826761,2,104.52,313.57,1.33,0.33,2.8
"703",4,4,1,714.19,211.32,0.75,1,0.5,0.5,308,0.704112351055041,103,52.83,211.32,1,0.25,2.2
"704",3,4,4,681.62,681.62,0,1,1,0,414,0,207,227.21,170.41,1.33,1.33,2.9
"705",2,2,1,269.97,9.99,0.5,1,1,0,391,0.962995888432048,391,5,9.99,1,0.5,1.8
"706",8,16,6,5730.72,2299.01,0.625,0.38,0.5,0,379,0.59882702348047,54,287.38,383.17,2,0.75,2.2
"707",5,6,1,2220.37,151.49,0.833333333333333,0.5,0.33,0.17,45,0.93177263248918,11,30.3,151.49,1.2,0.2,2.5
"708",19,39,6,27070.42,2466.68,0.846153846153846,0.31,0.26,0.05,383,0.908879138188473,21,129.83,411.11,2.05,0.32,3.2
"709",6,10,10,2074.69,2074.69,0,0.8,0.8,0.1,411,0,82,345.78,207.47,1.67,1.67,3.2
"710",12,14,5,2677.73,1112.35,0.642857142857143,1,0.64,0.07,394,0.584592173221348,36,92.7,222.47,1.17,0.42,2.9
"711",2,2,1,904.09,9.99,0.5,0.5,0.5,0.5,97,0.988950215133449,97,5,9.99,1,0.5,2.5
"712",2,2,2,250.71,250.71,0,1,0.5,0.5,3,0,3,125.36,125.36,1,1,2.8
"713",6,7,7,1282.16,1282.16,0,1,0.57,0,227,0,45,213.69,183.17,1.17,1.17,2.8
"714",9,15,9,2718.16,1569.19,0.4,1,0.53,0.07,2019,0.422701386231863,252,174.35,174.35,1.67,1,3.2
"715",4,4,1,556.26,241.45,0.75,1,0.75,0.25,170,0.565940387588538,57,60.36,241.45,1,0.25,2.2
"716",5,7,4,1646.79,797.45,0.428571428571429,0.86,0.71,0,378,0.515754892852155,94,159.49,199.36,1.4,0.8,2.8
"717",2,2,1,3368.72,1780.82,0.5,0,0,0,4,0.471365978769384,4,890.41,1780.82,1,0.5,4.4
"718",2,2,1,649.91,95.02,0.5,0.5,0.5,0,21,0.853795140865658,21,47.51,95.02,1,0.5,3
"719",2,2,2,451.65,451.65,0,0.5,0.5,0.5,27,0,27,225.82,225.82,1,1,3.7
"720",3,3,2,1545.06,1092.05,0.333333333333333,0,0.33,0,28,0.293198969619303,14,364.02,546.02,1,0.67,3.6
"721",2,4,4,1343.85,1343.85,0,0.75,0.75,0,394,0,394,671.92,335.96,2,2,3.1
"722",8,15,5,3289.82,996.8,0.666666666666667,1,0.2,0.2,325,0.697004699345253,46,124.6,199.36,1.88,0.62,2.8
"723",4,12,5,1458.94,687.31,0.583333333333333,1,0.08,0.5,165,0.528897692845491,55,171.83,137.46,3,1.25,2.3
"724",3,4,3,1472.92,1258.11,0.25,0.75,0.5,0.25,305,0.14583955679874,152,419.37,419.37,1.33,1,3.6
"725",2,2,2,249.87,249.87,0,1,0.5,0,126,0,126,124.94,124.94,1,1,3.3
"726",4,4,2,827.8,437.93,0.5,1,1,0,194,0.470971249093984,65,109.48,218.97,1,0.5,1.9
"727",8,8,3,2292.62,693.75,0.625,0.88,0.62,0.12,191,0.697398609451196,27,86.72,231.25,1,0.38,3
"728",7,9,5,2170.25,1589.65,0.444444444444444,1,0.11,0.33,328,0.267526782628729,55,227.09,317.93,1.29,0.71,3.3
"729",2,2,2,786.65,786.65,0,0,0.5,0,104,0,104,393.32,393.32,1,1,3.9
"730",2,2,1,634.58,250.71,0.5,0,0,0,80,0.604919789467049,80,125.36,250.71,1,0.5,2.7
"731",5,6,3,937.29,460.5,0.5,1,0.5,0.5,94,0.508689946548027,24,92.1,153.5,1.2,0.6,2.8
"732",2,2,2,449.39,449.39,0,1,0.5,0.5,154,0,154,224.69,224.69,1,1,3.2
"733",2,3,1,643.51,9.99,0.666666666666667,0,0.33,0.33,76,0.984475765722366,76,5,9.99,1.5,0.5,2.7
"734",2,2,2,584.64,584.64,0,0,0,1,321,0,321,292.32,292.32,1,1,3.6
"735",3,5,4,1032.98,846.01,0.2,0.6,0.6,0.4,21,0.181000600205231,10,282,211.5,1.67,1.33,3.4
"736",103,131,9,86690.31,4127.71,0.931297709923664,0.03,0.35,0.08,970,0.952385566506799,10,40.07,458.63,1.27,0.09,5
"737",6,12,12,2137.95,2137.95,0,1,0.5,0.17,11,0,2,356.32,178.16,2,2,3.8
"738",5,7,6,3469.07,2580.47,0.142857142857143,0.43,0.14,0.14,204,0.256149342619204,51,516.09,430.08,1.4,1.2,4
"739",3,3,2,1598.87,1291.54,0.333333333333333,0.67,0.33,0,1325,0.192217003258551,662,430.51,645.77,1,0.67,3.3
"740",3,4,4,1488.37,1488.37,0,0,0.5,0.25,142,0,71,496.12,372.09,1.33,1.33,3.6
"741",11,15,4,6490.78,1052.43,0.733333333333333,0.2,0.33,0.2,343,0.837857699690946,34,95.68,263.11,1.36,0.36,2.7
"742",2,4,4,954.61,954.61,0,1,1,0,338,0,338,477.31,238.65,2,2,3.1
"743",3,8,1,1243.67,155.74,0.875,0.88,0.38,0.38,236,0.874773854800711,118,51.91,155.74,2.67,0.33,1.9
"744",7,8,7,1214.01,1090.31,0.125,1,1,0,2276,0.101893724104414,379,155.76,155.76,1.14,1,3.1
"745",3,4,2,950.09,474.08,0.5,1,0.75,0.25,194,0.501015693250113,97,158.03,237.04,1.33,0.67,2.7
"746",2,2,1,339.78,234.79,0.5,1,0.5,0.5,120,0.30899405497675,120,117.39,234.79,1,0.5,2
"747",2,2,1,470.51,219.53,0.5,1,0,0.5,30,0.533421181271386,30,109.77,219.53,1,0.5,2.9
"748",2,2,1,355.63,215.42,0.5,0.5,0.5,0,60,0.394258077215083,60,107.71,215.42,1,0.5,2.5
"749",2,3,2,1161.63,613.02,0.333333333333333,0.33,0.33,0.67,117,0.472276025929082,117,306.51,306.51,1.5,1,2.3
"750",2,2,2,775.82,775.82,0,0,1,0,26,0,26,387.91,387.91,1,1,3.6
"751",6,6,5,1415.72,1136.98,0.166666666666667,1,0.5,0.17,315,0.196889215381573,63,189.5,227.4,1,0.83,2.9
"752",2,2,1,399.76,199.86,0.5,0.5,1,0.5,71,0.500050030018011,71,99.93,199.86,1,0.5,2.5
"753",3,9,6,1716.02,1023.29,0.333333333333333,1,0.89,0,11,0.403684106245848,6,341.1,170.55,3,2,2.7
"754",2,3,1,572.47,71.37,0.666666666666667,0.33,0.67,0,288,0.875329711600608,288,35.69,71.37,1.5,0.5,2.3
"755",5,13,6,3629.06,1234.56,0.538461538461538,0.46,0.62,0.08,2155,0.65981273387599,539,246.91,205.76,2.6,1.2,2.6
"756",4,4,2,346.04,166.73,0.5,1,0.25,0.75,236,0.518177089353832,79,41.68,83.36,1,0.5,2.8
"757",2,4,1,1013.15,9.99,0.75,1,0.5,0,13,0.990139663425949,13,5,9.99,2,0.5,1.9
"758",2,4,2,1650.87,260.73,0.5,0.75,1,0,253,0.842065092950989,253,130.37,130.37,2,1,2
"759",16,17,3,2436.48,410.29,0.823529411764706,1,0.47,0.35,2304,0.831605430785395,154,25.64,136.76,1.06,0.19,2.7
"760",10,23,5,3665.68,987.79,0.782608695652174,0.74,0.39,0.09,231,0.730530215403418,26,98.78,197.56,2.3,0.5,2.7
"761",3,3,3,3981.36,3981.36,0,0.67,0.33,0.33,223,0,112,1327.12,1327.12,1,1,4.2
"762",4,5,4,1690.8,1210.66,0.2,0.4,0.6,0,17,0.283972084220487,6,302.67,302.67,1.25,1,3.2
"763",2,2,2,1536.01,1536.01,0,0,0.5,0,-3,0,-3,768,768,1,1,4
"764",2,2,1,321.39,9.99,0.5,1,0,0,4,0.968916269952394,4,5,9.99,1,0.5,2.8
"765",5,8,2,3502.61,1885.39,0.75,0.12,0.25,0.62,121,0.46171854702636,30,377.08,942.7,1.6,0.4,2.9
"766",13,20,13,7094.4,5326.8,0.35,0.35,0.35,0,299,0.249154262516915,25,409.75,409.75,1.54,1,3.9
"767",2,3,1,379.47,127.35,0.666666666666667,1,0,0,7,0.664400347853585,7,63.67,127.35,1.5,0.5,2.9
"768",4,4,2,1905.31,707.29,0.5,0.25,0.25,0.25,289,0.628779568679113,96,176.82,353.64,1,0.5,2.8
"769",5,10,10,2349.12,2349.12,0,0.9,0.3,0,299,0,75,469.82,234.91,2,2,3.9
"770",6,12,12,2544.97,2544.97,0,0.92,0.08,0.33,303,0,61,424.16,212.08,2,2,4.1
"771",7,7,5,1474.51,1072.74,0.285714285714286,0.71,0,0,298,0.272476958447213,50,153.25,214.55,1,0.71,3.4
"772",3,3,2,1967.69,701.79,0.333333333333333,1,0.33,0,280,0.643343209550285,140,233.93,350.89,1,0.67,3.1
"773",2,4,2,456.92,222.25,0.5,0,0.5,0,28,0.513591000612799,28,111.12,111.12,2,1,2.9
"774",2,2,2,522.59,522.59,0,1,1,0,260,0,260,261.3,261.3,1,1,2.2
"775",2,2,1,261.81,131.36,0.5,0,0.5,0,23,0.498262098468355,23,65.68,131.36,1,0.5,2.9
"776",4,5,2,1012.23,347.53,0.6,1,0.6,0,2155,0.656668938877528,718,86.88,173.76,1.25,0.5,2
"777",113,194,100,96031.77,45496.64,0.484536082474227,0.19,0.27,0,2339,0.526233453783055,21,402.63,454.97,1.72,0.88,5
"778",17,25,8,8407.76,2048.6,0.68,0.52,0.32,0.24,1319,0.756344139223765,82,120.51,256.07,1.47,0.47,3.4
"779",17,20,6,8660.92,2508.96,0.7,0.5,0.3,0,1757,0.710312530308558,110,147.59,418.16,1.18,0.35,3.5
"780",5,11,3,1450.69,286.83,0.727272727272727,1,0.73,0.09,291,0.802280294204827,73,57.37,95.61,2.2,0.6,2.3
"781",2,2,1,282.3,97.48,0.5,1,0.5,1,2,0.654693588381155,2,48.74,97.48,1,0.5,2.1
"782",2,2,1,930.93,700.5,0.5,0.5,1,0,114,0.247526666881506,114,350.25,700.5,1,0.5,2.6
"783",9,11,9,1680.15,1025.5,0.181818181818182,0.91,1,0,2166,0.389637829955659,271,113.94,113.94,1.22,1,3.2
"784",2,2,1,1658.98,141.94,0.5,0.5,0.5,0.5,258,0.914441403754114,258,70.97,141.94,1,0.5,2.2
"785",2,5,4,979.97,777.78,0.2,1,0.6,0,69,0.206322642529873,69,388.89,194.44,2.5,2,3.2
"786",4,5,3,1599.05,828.25,0.4,1,0.4,0,40,0.482036208999093,13,207.06,276.08,1.25,0.75,2.5
"787",5,7,5,1421.88,1214.6,0.285714285714286,1,0.14,0,2309,0.145778828030495,577,242.92,242.92,1.4,1,3.3
"788",4,6,4,1909.8,1330.67,0.333333333333333,0,0.67,0,111,0.303241177086606,37,332.67,332.67,1.5,1,3.3
"789",12,17,2,13266.88,1708.5,0.882352941176471,0.47,0.47,0,248,0.871220663788321,23,142.38,854.25,1.42,0.17,2.5
"790",3,5,3,1193.84,997.54,0.4,1,0.4,0,156,0.164427393955639,78,332.51,332.51,1.67,1,3.4
"791",2,2,2,374.23,374.23,0,1,1,0,4,0,4,187.12,187.12,1,1,3.1
"792",2,3,3,356.46,356.46,0,1,0,0,54,0,54,178.23,118.82,1.5,1.5,3.5
"793",4,7,1,3707.79,265.11,0.857142857142857,0,0.14,0,217,0.928499186847151,72,66.28,265.11,1.75,0.25,2.7
"794",5,13,2,2810.89,276.15,0.846153846153846,0.54,0.62,0,185,0.901757094728004,46,55.23,138.07,2.6,0.4,2.1
"795",2,2,1,634.04,327.91,0.5,1,0.5,0,4,0.482824427480916,4,163.96,327.91,1,0.5,2.5
"796",4,4,4,918.42,918.42,0,1,0,0,113,0,38,229.6,229.6,1,1,3.6
"797",3,3,2,365.39,259.68,0.333333333333333,1,0.33,0.33,1553,0.28930731547114,776,86.56,129.84,1,0.67,2.6
"798",9,14,14,2875.06,2875.06,0,0.93,0,0.43,251,0,31,319.45,205.36,1.56,1.56,4.4
"799",2,5,1,3179.24,9.99,0.8,0.4,0.2,0,-31,0.996857739585561,-31,5,9.99,2.5,0.5,2.4
"800",9,13,8,2083.04,1057.77,0.384615384615385,1,0.62,0.23,2298,0.492198901605346,287,117.53,132.22,1.44,0.89,2.9
"801",5,5,5,1098.69,1098.69,0,0.8,1,0,85,0,21,219.74,219.74,1,1,3.6
"802",3,4,1,452.69,106.63,0.75,1,0.75,0,-3,0.764452495084937,-2,35.54,106.63,1.33,0.33,2.3
"803",10,14,2,3135.64,401.78,0.857142857142857,0.71,0.14,0.43,136,0.871866668367542,15,40.18,200.89,1.4,0.2,2.7
"804",2,4,3,521.16,393.18,0.25,1,1,0,123,0.245567580013815,123,196.59,131.06,2,1.5,2.7
"805",2,2,1,445.48,225.44,0.5,1,0,0,4,0.493939121846099,4,112.72,225.44,1,0.5,3
"806",2,2,2,652.11,652.11,0,0,0.5,0.5,230,0,230,326.06,326.06,1,1,3.5
"807",2,2,1,425.2,294.45,0.5,1,1,0,203,0.307502351834431,203,147.22,294.45,1,0.5,2.4
"808",7,11,2,6019.89,212.2,0.818181818181818,0.82,0.36,0.18,213,0.964750186465201,36,30.31,106.1,1.57,0.29,2.5
"809",3,6,1,759.03,9.99,0.833333333333333,1,0.17,0,2189,0.986838464882811,1094,3.33,9.99,2,0.33,1.3
"810",2,2,2,446.92,446.92,0,1,0,1,28,0,28,223.46,223.46,1,1,3.6
"811",3,4,3,660.3,484.53,0.25,1,0.5,0.5,217,0.266197183098592,108,161.51,161.51,1.33,1,3.1
"812",2,2,1,228.71,150.62,0.5,1,1,0.5,64,0.341436753967907,64,75.31,150.62,1,0.5,2.1
"813",2,2,2,294.86,294.86,0,1,0,1,106,0,106,147.43,147.43,1,1,3.5
"814",2,2,1,1064.83,516.68,0.5,0,0,1,-8,0.51477700665834,-8,258.34,516.68,1,0.5,3.2
"815",3,6,1,1172.04,9.99,0.833333333333333,1,0.33,0.33,66,0.991476400122863,33,3.33,9.99,2,0.33,1.5
"816",3,3,1,986.31,358.58,0.666666666666667,1,0.67,0.33,1960,0.636442903346818,980,119.53,358.58,1,0.33,1.6
"817",2,2,2,540.55,540.55,0,0,0.5,1,214,0,214,270.27,270.27,1,1,3
"818",2,2,1,821.1,322.12,0.5,1,0.5,1,1580,0.607696991840214,1580,161.06,322.12,1,0.5,1
"819",4,4,3,4150.17,3757.92,0.25,0.5,0.25,0,99,0.094514200623107,33,939.48,1252.64,1,0.75,4.3
"820",3,3,2,297.45,210.52,0.333333333333333,1,1,0,192,0.292250798453522,96,70.17,105.26,1,0.67,2.8
"821",2,2,2,1423.39,1423.39,0,1,0,0,1875,0,1875,711.7,711.7,1,1,2.7
"822",2,2,2,620.66,620.66,0,0.5,0.5,0,182,0,182,310.33,310.33,1,1,3.8
"823",2,3,2,423.45,262.3,0.333333333333333,1,1,0,10,0.38056441138269,10,131.15,131.15,1.5,1,2.7
"824",2,2,1,291.79,216.74,0.5,1,1,0,171,0.25720552452106,171,108.37,216.74,1,0.5,2.1
"825",2,2,2,280.78,280.78,0,1,0,0.5,75,0,75,140.39,140.39,1,1,3.2
"826",4,4,1,1386.38,193.18,0.75,0.5,1,0,2069,0.860658693864597,690,48.3,193.18,1,0.25,1.7
"827",2,2,2,543.68,543.68,0,0.5,0.5,0.5,115,0,115,271.84,271.84,1,1,3.7
"828",4,6,2,1970.23,683.05,0.666666666666667,0.67,0.67,0,87,0.653314587636976,29,170.76,341.52,1.5,0.5,2.5
"829",8,10,2,4939.99,1397.17,0.8,0.2,0.5,0.2,2793,0.717171492249984,399,174.65,698.59,1.25,0.25,2.7
"830",2,2,2,212.52,212.52,0,1,1,0.5,15,0,15,106.26,106.26,1,1,2.8
"831",2,2,1,650.92,480.13,0.5,1,0,0,50,0.262382474036748,50,240.06,480.13,1,0.5,2.8
"832",2,2,1,3589.48,1946.03,0.5,0,0,0.5,154,0.457851833691788,154,973.01,1946.03,1,0.5,4.2
"833",2,2,1,459.53,240.05,0.5,1,1,0,0,0.47761843622832,0,120.03,240.05,1,0.5,2.4
"834",2,2,1,1003.17,636.34,0.5,0,1,0,22,0.365670823489538,22,318.17,636.34,1,0.5,3.1
"835",4,4,3,940.57,620.34,0.25,0.75,1,0,59,0.340463761336211,20,155.09,206.78,1,0.75,3.1
"836",2,2,1,1508.52,779.42,0.5,0,1,0,15,0.483321401108371,15,389.71,779.42,1,0.5,3
"837",3,3,1,832.6,260,0.666666666666667,1,0,0.33,0,0.687725198174393,0,86.67,260,1,0.33,2.8
"838",3,4,4,662,662,0,0.75,1,0,201,0,100,220.67,165.5,1.33,1.33,3.2
"839",2,3,1,186.79,47.18,0.666666666666667,1,0.33,0,24,0.747416885272231,24,23.59,47.18,1.5,0.5,2.3
"840",14,17,12,2862.95,1929.19,0.294117647058823,1,0.59,0.35,1942,0.326153093836777,149,137.8,160.77,1.21,0.86,3.4
"841",4,9,9,1691.24,1691.24,0,1,0.33,0,125,0,42,422.81,187.92,2.25,2.25,4
"842",3,3,1,438.86,120.59,0.666666666666667,1,0.33,0,7,0.725219887891355,4,40.2,120.59,1,0.33,2.5
"843",2,3,3,2824.17,2824.17,0,0.33,0.67,0,118,0,118,1412.09,941.39,1.5,1.5,4.8
"844",66,103,50,26800.51,11344.39,0.514563106796116,0.83,0.25,0.01,2134,0.576709920818671,33,171.88,226.89,1.56,0.76,5
"845",9,11,3,3092.36,797.75,0.727272727272727,0.45,0.36,0.36,1932,0.742025508026232,242,88.64,265.92,1.22,0.33,2.2
"846",3,3,3,592.83,592.83,0,1,0.33,0,97,0,48,197.61,197.61,1,1,3.1
"847",5,5,4,2024.33,1827.65,0.2,0.6,0,0.2,557,0.0971580720534695,139,365.53,456.91,1,0.8,3.2
"848",2,3,3,277.84,277.84,0,1,0,1,93,0,93,138.92,92.61,1.5,1.5,3.2
"849",2,2,1,200.5,109.6,0.5,1,1,0,143,0.453366583541147,143,54.8,109.6,1,0.5,2.1
"850",108,129,26,79719.49,12689.72,0.798449612403101,0.26,0.47,0.1,2109,0.840820356477444,20,117.5,488.07,1.19,0.24,5
"851",2,4,1,474.18,9.99,0.75,1,0.5,0,27,0.978932051119828,27,5,9.99,2,0.5,2.2
"852",2,2,1,867.3,9.99,0.5,0.5,0,0,-10,0.988481494292632,-10,5,9.99,1,0.5,3.1
"853",2,3,2,1282.67,1139.24,0.333333333333333,0.33,0.33,0,59,0.111821434975481,59,569.62,569.62,1.5,1,3.8
"854",2,3,3,763.82,763.82,0,0.67,0.33,0,116,0,116,381.91,254.61,1.5,1.5,3.8
"855",4,8,2,4018.69,1118.75,0.75,0.12,0.25,0,48,0.72161326203315,16,279.69,559.38,2,0.5,3
"856",6,10,3,7594.16,2688.39,0.7,0,0.3,0.2,139,0.645992446827562,28,448.06,896.13,1.67,0.5,2.9
"857",2,2,1,280.35,134.77,0.5,1,1,0,-1,0.519279472088461,-1,67.39,134.77,1,0.5,2.4
"858",6,9,3,2623.21,701.89,0.666666666666667,0.44,0.22,0,1255,0.732430876673999,251,116.98,233.96,1.5,0.5,3
"859",4,9,2,947.56,297.47,0.777777777777778,1,0.56,0.56,85,0.68606737304234,28,74.37,148.74,2.25,0.5,1.9
"860",2,3,2,454.06,272.47,0.333333333333333,1,1,0,167,0.39992512002819,167,136.24,136.24,1.5,1,1.9
"861",2,2,2,180.92,180.92,0,1,1,0,39,0,39,90.46,90.46,1,1,2.7
"862",6,6,3,1297.68,742.3,0.5,1,0.5,0.33,2018,0.427979162813637,404,123.72,247.43,1,0.5,2.8
"863",6,7,6,1821.29,1660.76,0.142857142857143,0.43,0.14,0,1966,0.0881408232626325,393,276.79,276.79,1.17,1,4
"864",2,4,2,706.13,284.48,0.5,1,1,0,113,0.59712800759067,113,142.24,142.24,2,1,2.2
"865",3,3,1,456.8,236.44,0.666666666666667,1,1,0,109,0.482399299474606,54,78.81,236.44,1,0.33,2.2
"866",3,3,2,834.7,702.78,0.333333333333333,1,0,0,1817,0.158044806517312,908,234.26,351.39,1,0.67,2.6
"867",30,40,18,23310.86,12698.04,0.55,0.57,0.48,0.18,2063,0.455273636408095,71,423.27,705.45,1.33,0.6,4.6
"868",2,2,1,198.81,108.79,0.5,1,0,1,1633,0.452794125044012,1633,54.4,108.79,1,0.5,1.1
"869",2,5,1,659.82,9.99,0.8,1,0.4,0.8,-2,0.98485950713831,-2,5,9.99,2.5,0.5,2.1
"870",6,11,7,8158.94,4120.4,0.363636363636364,0,0.18,0,1675,0.494983416963478,335,686.73,588.63,1.83,1.17,4.2
"871",9,12,3,3616.69,1072.86,0.75,0.58,0.75,0.08,465,0.703358595843161,58,119.21,357.62,1.33,0.33,2.6
"872",11,12,12,2510.39,2510.39,0,0.75,0.75,0,116,0,12,228.22,209.2,1.09,1.09,3.9
"873",3,6,4,532.51,375.03,0.333333333333333,1,0.67,0,49,0.295731535558018,24,125.01,93.76,2,1.33,2.6
"874",3,3,2,833.28,439.97,0.333333333333333,1,0,0,20,0.472002208141321,10,146.66,219.99,1,0.67,3.4
"875",3,5,5,667.07,667.07,0,1,0.8,0,11,0,6,222.36,133.41,1.67,1.67,3.1
"876",6,7,5,1127.26,778.32,0.285714285714286,1,0.57,0.29,111,0.309547043273069,22,129.72,155.66,1.17,0.83,3
"877",2,3,3,569.35,569.35,0,0.33,1,0,16,0,16,284.68,189.78,1.5,1.5,3.2
"878",2,3,1,1122.66,226.02,0.666666666666667,1,0,0,48,0.798674576452354,48,113.01,226.02,1.5,0.5,2.4
"879",3,5,1,548.96,9.99,0.8,1,1,0,87,0.981801952783445,44,3.33,9.99,1.67,0.33,1.8
"880",2,2,2,437.61,437.61,0,0.5,1,0,20,0,20,218.81,218.81,1,1,3.4
"881",2,2,2,312.18,312.18,0,1,0,0,76,0,76,156.09,156.09,1,1,3.9
"882",2,2,1,152.58,9.99,0.5,1,1,0,76,0.93452615021628,76,5,9.99,1,0.5,2.4
"883",8,16,4,10905.24,4754.45,0.75,0.25,0,0,119,0.564021516261907,17,594.31,1188.61,2,0.5,2.4
"884",2,2,1,277.01,142.53,0.5,1,0,1,7,0.485469838633984,7,71.27,142.53,1,0.5,2.4
"885",9,11,1,8338.94,1356.26,0.909090909090909,0.09,0.45,0,1924,0.83735822538596,240,150.7,1356.26,1.22,0.11,3
"886",17,22,11,5639.73,2429.43,0.5,0.73,0.32,0.23,1790,0.569229378002138,112,142.91,220.86,1.29,0.65,3.7
"887",2,2,1,1000.8,637.92,0.5,1,0,1,43,0.362589928057554,43,318.96,637.92,1,0.5,3.2
"888",2,3,3,576.7,576.7,0,0.33,1,0,1,0,1,288.35,192.23,1.5,1.5,3.6
"889",2,2,1,274.96,160.45,0.5,1,0,1,5,0.416460576083794,5,80.22,160.45,1,0.5,2.1
"890",6,7,2,994.85,345,0.714285714285714,1,0.57,0.43,71,0.653214052369704,14,57.5,172.5,1.17,0.33,2.5
"891",10,12,1,10886.31,1739.71,0.916666666666667,0.08,0.08,0.17,1544,0.840192866085937,172,173.97,1739.71,1.2,0.1,3.1
"892",3,7,5,1196.22,906.86,0.285714285714286,1,0.14,0,9,0.241895303539483,4,302.29,181.37,2.33,1.67,3.3
"893",3,4,1,766.78,9.99,0.75,1,0.75,0,53,0.98697149117087,26,3.33,9.99,1.33,0.33,1.7
"894",67,141,9,53919.28,3996.22,0.936170212765957,0.73,0.26,0.17,1934,0.925885137932109,29,59.65,444.02,2.1,0.13,3.9
"895",2,2,1,1142.82,574.74,0.5,0,0,0.5,0,0.497086155300047,0,287.37,574.74,1,0.5,3.6
"896",3,6,4,697.82,464.46,0.333333333333333,1,0,0,19,0.334412885844487,10,154.82,116.11,2,1.33,2.7
"897",2,2,2,610.21,610.21,0,1,0.5,0,10,0,10,305.11,305.11,1,1,3.4
"898",3,3,3,656.23,656.23,0,1,0,0,1591,0,796,218.74,218.74,1,1,3.3
"899",13,14,6,5207.62,1237.58,0.571428571428571,0.29,0.43,0.57,1862,0.762352091742485,155,95.2,206.26,1.08,0.46,3
"900",2,2,2,319.43,319.43,0,1,1,0,18,0,18,159.72,159.72,1,1,2.9
"901",2,5,2,610.9,262.71,0.6,1,0,0,17,0.569962350630218,17,131.35,131.35,2.5,1,2.9
"902",2,2,1,396.44,198.83,0.5,1,0,0,1284,0.498461305620018,1284,99.42,198.83,1,0.5,1.9
"903",8,12,7,4368.01,2771.15,0.416666666666667,0.08,0.75,0,1846,0.36558066487943,264,346.39,395.88,1.5,0.88,3.6
"904",6,7,4,2722.11,813.24,0.428571428571429,0.29,0.14,0.57,2621,0.701246459547924,524,135.54,203.31,1.17,0.67,3.1
"905",4,5,1,1058.21,224.38,0.8,1,1,0,11,0.787962691715255,4,56.09,224.38,1.25,0.25,2.2
"906",6,6,2,2946.81,417.47,0.666666666666667,0.33,0.67,0.33,1713,0.858331551745786,343,69.58,208.74,1,0.33,2.2
"907",7,7,4,1549.02,926.57,0.428571428571429,1,0.43,0.14,1304,0.401834708396276,217,132.37,231.64,1,0.57,3.1
"908",11,11,3,1923.43,559.25,0.727272727272727,1,0.45,0,1315,0.709243382914897,132,50.84,186.42,1,0.27,2.7
"909",2,5,1,1350.92,9.99,0.8,1,0.4,0.6,1617,0.992605039528618,1617,5,9.99,2.5,0.5,1
"910",3,4,2,887.99,527.64,0.5,1,0.75,0,1559,0.405804119415759,780,175.88,263.82,1.33,0.67,2.1
"911",43,57,25,56293.34,26475.07,0.56140350877193,0.09,0.51,0.18,1901,0.529694454086398,45,615.7,1059,1.33,0.58,4.8
"912",4,5,4,911.67,711.41,0.2,0.2,0.6,0,1835,0.219662816589336,612,177.85,177.85,1.25,1,3.2
"913",18,24,4,8354.21,1075.72,0.833333333333333,0.54,0.12,0,1861,0.871236179124058,109,59.76,268.93,1.33,0.22,3.3
"914",3,4,1,5625.73,9.99,0.75,1,0,0,1495,0.998224230455425,748,3.33,9.99,1.33,0.33,2.1
"915",8,16,15,3121.77,2853.41,0.0625,0.69,0.38,0,1861,0.0859640524446068,266,356.68,190.23,2,1.88,3.4
"916",3,3,2,1347.61,950.73,0.333333333333333,0.67,0,0,1786,0.294506570892172,893,316.91,475.37,1,0.67,2.9
"917",8,8,8,1668.1,1668.1,0,0.88,0.25,0.62,1756,0,251,208.51,208.51,1,1,3.8
"918",36,42,21,9054.41,4499.73,0.5,0.98,0.55,0.12,1364,0.50303443294483,39,124.99,214.27,1.17,0.58,4.1
"919",39,51,16,25677.99,7961.02,0.686274509803922,0.14,0.16,0,1665,0.689967166433198,44,204.13,497.56,1.31,0.41,4.7
"920",2,2,1,473.55,253.96,0.5,0,0.5,0.5,1720,0.463710273466371,1720,126.98,253.96,1,0.5,1.1
"921",8,9,8,1811.97,1474.12,0.111111111111111,0.89,0.89,0.22,1144,0.186454521873982,163,184.26,184.26,1.12,1,3.3
"922",39,51,33,31779.43,20554.53,0.352941176470588,0.33,0.14,0.12,1715,0.353212754287915,45,527.04,622.86,1.31,0.85,5
"923",7,7,5,2238.11,1352.57,0.285714285714286,0.43,0.71,0,1825,0.395664198810604,304,193.22,270.51,1,0.71,3.4
"924",2,2,1,333.08,111.49,0.5,0.5,0,1,1119,0.665275609463192,1119,55.74,111.49,1,0.5,1.6
"925",4,5,5,1799.44,1799.44,0,0.4,0.4,0.2,1466,0,489,449.86,359.89,1.25,1.25,3.7
"926",3,4,1,728.86,113.04,0.75,0.5,0.5,0.25,1628,0.844908487226628,814,37.68,113.04,1.33,0.33,1.7
"927",10,17,6,6899.14,2953.03,0.647058823529412,0.71,0.18,0,1627,0.571971289175172,181,295.3,492.17,1.7,0.6,3.3
"928",10,13,6,3474.14,1665.92,0.538461538461538,0.46,0.54,0,1638,0.520479888547957,182,166.59,277.65,1.3,0.6,3.3
"929",32,33,6,8256.78,999.83,0.818181818181818,0.82,0.3,0.48,1792,0.878908000455383,58,31.24,166.64,1.03,0.19,3.2
"930",48,90,12,27204.17,2558.32,0.866666666666667,0.89,0.31,0.27,1803,0.905958535033416,38,53.3,213.19,1.88,0.25,4
"931",28,45,13,7029.64,1791.26,0.711111111111111,0.69,0.58,0.07,1778,0.7451846751754,66,63.97,137.79,1.61,0.46,3.7
"932",7,10,6,5095.06,2823.26,0.4,0.2,0.1,0.2,1773,0.445882874784595,296,403.32,470.54,1.43,0.86,3.8
"933",10,13,4,3956.69,1270.05,0.692307692307692,0.85,0.38,0.46,1636,0.679012002456599,182,127,317.51,1.3,0.4,2.6
"934",7,12,5,4763.09,1531.94,0.583333333333333,0.25,0.08,0.58,1637,0.678372653046657,273,218.85,306.39,1.71,0.71,3.1
"935",34,42,16,9657.06,3469.94,0.619047619047619,0.81,0.36,0.5,1673,0.640683603498373,51,102.06,216.87,1.24,0.47,4
"936",7,10,1,4415.38,267.32,0.9,0.3,0.1,0.5,1634,0.93945707957186,272,38.19,267.32,1.43,0.14,2.6
"937",3,3,3,1277.07,1277.07,0,0.33,0,1,452,0,226,425.69,425.69,1,1,3.5
"938",26,33,9,15054.01,3374.51,0.727272727272727,0.7,0.21,0.52,1689,0.775839792852536,68,129.79,374.95,1.27,0.35,3.6
"939",4,5,2,959.12,481.45,0.6,0.8,1,0,1651,0.498029443656685,550,120.36,240.72,1.25,0.5,1.8
"940",5,5,1,731.86,124.98,0.8,0.6,0.6,0.4,1638,0.829229634083021,410,25,124.98,1,0.2,1.5
"941",33,43,14,16992.73,5294.59,0.674418604651163,0.33,0.58,0.26,1629,0.688420283262313,51,160.44,378.19,1.3,0.42,3.9
"942",2,3,3,2189.08,2189.08,0,0.33,0.67,0,1668,0,1668,1094.54,729.69,1.5,1.5,3
"943",6,8,3,2048.8,1125.28,0.625,0.88,0,0,1640,0.450761421319797,328,187.55,375.09,1.33,0.5,2.1
"944",2,2,2,605.86,605.86,0,1,1,0,1210,0,1210,302.93,302.93,1,1,1.8
"945",8,8,5,1844.72,1196.72,0.375,0.62,0.5,0.12,1529,0.351272821891669,218,149.59,239.34,1,0.62,3.5
"946",3,4,2,556.76,339.73,0.5,1,0.25,0.75,1120,0.38980889431712,560,113.24,169.87,1.33,0.67,1.9
"947",2,2,2,326.15,326.15,0,1,0.5,0,1461,0,1461,163.07,163.07,1,1,1.8
"948",70,95,3,24552.97,417.55,0.968421052631579,0.76,0.26,0.16,1639,0.9829939107163,24,5.96,139.18,1.36,0.04,3.9
"949",6,7,3,5516.71,2917.45,0.571428571428571,0.29,0.57,0.43,1560,0.471161253718249,312,486.24,972.48,1.17,0.5,3.1
"950",68,80,20,31914.76,6528.02,0.75,0.64,0.29,0.06,1415,0.795454516969578,21,96,326.4,1.18,0.29,5
"951",58,76,9,23085.29,2892.21,0.881578947368421,0.87,0.17,0.3,1604,0.874716323684909,28,49.87,321.36,1.31,0.16,4.2
"952",5,5,1,5478.15,106.38,0.8,0.4,0.2,0.2,1638,0.980581035568577,410,21.28,106.38,1,0.2,2.4
"953",7,11,3,4435.02,460,0.727272727272727,0.82,0.55,0,1636,0.896280061871198,273,65.71,153.33,1.57,0.43,2.3
"954",2,2,2,177.24,177.24,0,1,0.5,0.5,1560,0,1560,88.62,88.62,1,1,1.8
"955",2,4,3,875.46,752.71,0.25,0.25,0,1,932,0.140212002832796,932,376.36,250.9,2,1.5,2.6
"956",5,5,4,1073.08,884.28,0.2,1,0.4,0.2,1523,0.175942147836135,381,176.86,221.07,1,0.8,3.4
"957",15,15,5,9561.19,3907.98,0.666666666666667,0.4,0.13,0.47,1564,0.591266359103835,112,260.53,781.6,1,0.33,3.8
"958",35,56,25,26596.12,7856.04,0.553571428571429,0.55,0.25,0.39,1575,0.704617064443987,46,224.46,314.24,1.6,0.71,4.6
"959",9,12,2,3057.68,559.51,0.833333333333333,0.58,0.17,0.67,641,0.817014860940321,80,62.17,279.75,1.33,0.22,1.6
"960",7,8,2,3879.1,703.26,0.75,0,0.5,0,1432,0.818705369802274,239,100.47,351.63,1.14,0.29,2.8
"961",5,6,5,2989.49,2823,0.166666666666667,0,0.17,0,1367,0.0556917735132079,342,564.6,564.6,1.2,1,4.5
"962",11,17,2,5511.49,1130.97,0.882352941176471,0.35,0.06,0.59,1537,0.794797777007669,154,102.82,565.49,1.55,0.18,2.9
"963",2,2,1,2738.96,9.99,0.5,0,0.5,0,1613,0.996352630195403,1613,5,9.99,1,0.5,1
"964",3,4,4,2148.38,2148.38,0,0.75,0.25,0,1434,0,717,716.13,537.1,1.33,1.33,3.5
"965",34,41,12,14420.32,3047.7,0.707317073170732,0.34,0.61,0.07,1355,0.78865240161106,41,89.64,253.97,1.21,0.35,3.3
"966",10,10,7,3710.59,2020.9,0.3,0.7,0.1,0,1564,0.455369631244627,174,202.09,288.7,1,0.7,3.5
"967",4,6,2,777.8,335.4,0.666666666666667,1,0.33,0.67,1388,0.568783749035742,463,83.85,167.7,1.5,0.5,2.3
"968",2,5,3,887.8,498.53,0.4,1,0.4,0,1267,0.438465870691597,1267,249.26,166.18,2.5,1.5,1.5
"969",38,46,15,23608.9,7291.63,0.673913043478261,0.37,0.65,0,1586,0.691149100551063,43,191.88,486.11,1.21,0.39,4.3
"970",29,48,4,12240.62,699.27,0.916666666666667,0.98,0.54,0.06,1393,0.942872991727543,50,24.11,174.82,1.66,0.14,2.4
"971",11,13,8,9593.27,7052.31,0.384615384615385,0.23,0.46,0.31,1460,0.264869017550846,146,641.12,881.54,1.18,0.73,4.2
"972",20,23,11,6238.91,3184.52,0.521739130434783,0.48,0.22,0.74,1036,0.489571094950881,55,159.23,289.5,1.15,0.55,3.9
"973",26,38,22,12964.81,5941.27,0.421052631578947,0.58,0.53,0.21,1519,0.54173875282399,61,228.51,270.06,1.46,0.85,3.8
"974",5,5,2,1680.34,730.61,0.6,0.4,0.2,0.2,1579,0.565201090255544,395,146.12,365.31,1,0.4,2.7
"975",7,9,5,1728.62,1032.11,0.444444444444444,0.89,0.11,0.44,1490,0.402928347467922,248,147.44,206.42,1.29,0.71,3.4
"976",3,3,2,707.02,553.83,0.333333333333333,0.67,0.33,0.33,1522,0.216669966903341,761,184.61,276.92,1,0.67,2.6
"977",3,9,9,5431.25,5431.25,0,0.22,0.22,0,1515,0,758,1810.42,603.47,3,3,5
"978",3,6,4,2303.29,1295,0.333333333333333,0.17,0.33,0,1524,0.437760768292312,762,431.67,323.75,2,1.33,3.2
"979",5,6,3,1444.4,686.14,0.5,0.5,0.83,0,1558,0.524965383550263,390,137.23,228.71,1.2,0.6,2.2
"980",3,4,1,625.11,244.51,0.75,0.25,0.75,0,1029,0.608852841899826,514,81.5,244.51,1.33,0.33,1.5
"981",29,43,13,11868.44,3157.17,0.697674418604651,0.49,0.63,0.23,1519,0.733986100953453,54,108.87,242.86,1.48,0.45,3.8
"982",7,9,7,2719.64,2399.42,0.222222222222222,0.56,0.22,0,1122,0.117743524878293,187,342.77,342.77,1.29,1,3.9
"983",7,7,3,1966.07,670.35,0.571428571428571,0.86,0.71,0.29,1179,0.659040624189373,196,95.76,223.45,1,0.43,2.4
"984",11,14,2,5081.81,1028.7,0.857142857142857,0.43,0.43,0.07,1551,0.797572124892509,155,93.52,514.35,1.27,0.18,2.8
"985",18,30,9,4437.42,1279.52,0.7,0.93,0.83,0.07,1543,0.711652266407056,91,71.08,142.17,1.67,0.5,2.6
"986",3,4,3,3724.56,2237.1,0.25,0.5,0.5,0,1454,0.399365294155551,727,745.7,745.7,1.33,1,3.5
"987",10,17,3,7602.73,677.65,0.823529411764706,0.24,0.12,0,1030,0.910867543632353,114,67.77,225.88,1.7,0.3,2.9
"988",6,8,3,4504.69,575.39,0.625,0.62,0.5,0,1551,0.872268679975759,310,95.9,191.8,1.33,0.5,2.7
"989",3,3,3,393.08,393.08,0,1,0.67,0.67,1458,0,729,131.03,131.03,1,1,2.5
